source_key,requested_url,final_url,accessed,content_type,bytes,sha256,note
340b_hope,https://340bopais.hrsa.gov/cedetails/27228,https://340bopais.hrsa.gov/cedetails/27228,2026-09-12,text/html; charset=utf-8,27922,b367589effa61f8359571fdef2c2e13ff98498efc2e95433a8da0839022deab6,
340b_lchc,https://340bopais.hrsa.gov/cedetails/19531,https://340bopais.hrsa.gov/cedetails/19531,2026-09-12,text/html; charset=utf-8,27927,f563270ddccef4fd17d63cfb62679114bb55980ab1e67d331217b43326250da2,
340b_uplift,https://340bopais.hrsa.gov/cedetails/21948,https://340bopais.hrsa.gov/cedetails/21948,2026-09-12,text/html; charset=utf-8,27897,8fd17d5a31d717eecb6ff78d077127ed6aff41b668ef87619fdf17d2ecfb703b,
alivio_loc,https://alivio.org/locations/,https://alivio.org/locations/,2026-09-12,text/html; charset=UTF-8,110600,21c0656a6b48941001eb024c6e2e77ec74844489557cd010571d8cf412c3f5a8,
alivio_lvlhs,https://alivio.org/locations/lawndale/,https://alivio.org/locations/lawndale/,2026-09-12,text/html; charset=UTF-8,101238,d40e6fc93ea9fc0d4d7e5b869eb036524aa7a9fed3ecbe3d4c6b9e5d768ef5d4,
alivio_peds,https://alivio.org/services/pediatrics/,https://alivio.org/services/pediatrics/,2026-09-12,text/html; charset=UTF-8,135248,3b026e3fd092d717635645e59d5e1f75bf323c152833f549265e0144c14c55e4,
blockclub,https://blockclubchicago.org/2022/10/13/heartland-health-centers-renamed-tapestry-360-health-to-avoid-confusion-with-former-sister-agency/,https://blockclubchicago.org/2022/10/13/heartland-health-centers-renamed-tapestry-360-health-to-avoid-confusion-with-former-sister-agency/,2026-09-12,text/html; charset=UTF-8,348621,a131885119f6173f67327659b67e57121712e3104cb5a4872ed6a7352257f98e,
cdph2014,https://data.cityofchicago.org/api/views/cjg8-dbka/rows.csv?accessType=DOWNLOAD,https://data.cityofchicago.org/api/views/cjg8-dbka/rows.csv?accessType=DOWNLOAD,2026-09-12,text/csv; charset=utf-8,18862,1f401ddf44e7c067860dacc711b52fe75516194bc3ca63d5390d4aca096753ff,
cps_booklet,https://www.cps.edu/globalassets/cps-pages/sites/back-to-school/student-health-and-school-forms-booklet-english-25-26.pdf,https://www.cps.edu/globalassets/cps-pages/sites/back-to-school/student-health-and-school-forms-booklet-english-25-26.pdf,2026-09-12,application/pdf,4546381,4567d1baa2960cc46ff50191c3e8010746595fca5de4b8853fc15ff039979437,
cps_resources,https://www.cps.edu/services-and-supports/health-and-wellness/health-resources/,https://www.cps.edu/services-and-supports/health-and-wellness/health-resources/,2026-09-12,text/html; charset=utf-8,397230,0e6a1c3a1e46288d06fb6337f95a5257986f451336c53d3c4c4ee903beedfab2,
cps_staff,https://www.cps.edu/strategic-initiatives/healthy-cps/staff/,https://www.cps.edu/strategic-initiatives/healthy-cps/staff/,2026-09-12,text/html; charset=utf-8,426919,69d7b5a41a70b4227cf392e8eb30ac70bb395ee4c359c733b310dd90dd8ac96e,
cult_hw,https://cultivate-collective.org/services/health-wellness,https://cultivate-collective.org/services/health-wellness,2026-09-12,text/html; charset=UTF-8,236712,6331a7b96f3caf0717d9ef50dddc9373b3abfa82ad02901add00f40072626969,
erie_amun,https://www.eriefamilyhealth.org/locations/amundsen/,https://www.eriefamilyhealth.org/locations/amundsen/,2026-09-12,text/html; charset=UTF-8,188315,5a31b9fc296f66e52bf8db5ec2ebde5023c83a95a5a08f14104b3a9000acf1d1,
erie_clem,https://www.eriefamilyhealth.org/locations/clemente/,https://www.eriefamilyhealth.org/locations/clemente/,2026-09-12,text/html; charset=UTF-8,188480,e5ae52c2dd556a323069ae57e82560da04454d2b734e08fff797193cd17e0f52,
erie_john,https://www.eriefamilyhealth.org/locations/johnson/,https://www.eriefamilyhealth.org/locations/johnson/,2026-09-12,text/html; charset=UTF-8,189931,0c2d073baee67bfdf7fef5f4837008107c71f176c4cc5144e7f526437a43c482,
erie_lkvw,https://www.eriefamilyhealth.org/locations/lake-view/,https://www.eriefamilyhealth.org/locations/lake-view/,2026-09-12,text/html; charset=UTF-8,188468,1c2ee680fe345ae086d582c5aca7d01b564f2858d7aac7323a42818913a96562,
erie_loc,https://www.eriefamilyhealth.org/locations/,https://www.eriefamilyhealth.org/locations/,2026-09-12,text/html; charset=UTF-8,196607,067b3d448ec84cca5ade0bc2e58ec1775bc7f307c83a5a7d3530e79f4674e4bd,
erie_west,https://www.eriefamilyhealth.org/locations/westside/,https://www.eriefamilyhealth.org/locations/westside/,2026-09-12,text/html; charset=UTF-8,190645,a97401ca27166e92b5eb5f36958d177c783f46c641858e6564cfb73cec01bf7d,
esp_cult,https://www.esperanzachicago.org/location/esperanza-cultivate-collective,https://www.esperanzachicago.org/location/esperanza-cultivate-collective,2026-09-12,text/html; charset=UTF-8,23217,97a25da2c9f92d14081e224d4f2d4d16f65eb4cb9d8374649df48d54c6b022da,
iphca,https://www.iphca.org/health-center-locator/,https://www.iphca.org/health-center-locator/,2026-09-12,text/html; charset=UTF-8,897249,26014046d76522ad0afbf9581ad27d7a4cb7edf3f166508c6fb759c4b58717ff,
lchc_farragut,https://lawndale.org/farragut-academy,https://lawndale.org/farragut-academy,2026-09-12,text/html; charset=utf-8,201929,b50246bc6c4c8dc837b59142b4ed132579e31ecc49bb9591a84aafe31cb6c192,
msq_davis,https://hospital.uillinois.edu/mile-square-health-center/locations/school-based-clinics/davis-health-wellness-center,https://hospital.uillinois.edu/mile-square-health-center/locations/school-based-clinics/davis-health-wellness-center,2026-09-12,text/html; charset=utf-8,38851,770090ff53d6aa50c338d85404feb96c315e444c477904a1837e31bb553d40e4,
msq_drake,https://hospital.uillinois.edu/mile-square-health-center/locations/school-based-clinics/barnes-boyd,https://hospital.uillinois.edu/mile-square-health-center/locations/school-based-clinics/barnes-boyd,2026-09-12,text/html; charset=utf-8,38470,8e67e4ad48389bad482e3d749704e576ed85a04c06e4c86e07caa743b16b8afd,
msq_engl,https://hospital.uillinois.edu/mile-square-health-center/locations/school-based-clinics/englewood-stem,https://hospital.uillinois.edu/mile-square-health-center/locations/school-based-clinics/englewood-stem,2026-09-12,text/html; charset=utf-8,38552,9ffebede1e33e1f39a2cd207bb1de8ea52313114c6bdc8d62e36380b99221231,
msq_prim,https://hospital.uillinois.edu/mile-square-health-center/care-at-mile-square/services/primary-and-pediatric-care,https://hospital.uillinois.edu/mile-square-health-center/care-at-mile-square/services/primary-and-pediatric-care,2026-09-12,text/html; charset=utf-8,41048,2ce9351f2445fa9d8995fa9f62abc226e1ced0744d875d1cdc9039621ac19991,
msq_sbhc,https://hospital.uillinois.edu/mile-square-health-center/locations/school-based-clinics,https://hospital.uillinois.edu/mile-square-health-center/locations/school-based-clinics,2026-09-12,text/html; charset=utf-8,33862,5ecb37975c62c933c37add0d1896201a8bb6dc321021201660915f878f160a60,
nnh_loc,https://nearnorthhealth.org/locations/,https://nearnorthhealth.org/locations/,2026-09-12,text/html; charset=UTF-8,226004,03c68780fce68b9ae158e08ec1b5be06e5231a78ef7a2b81773af0e3b87fa51c,
nnh_reavis_archive,https://www.boardportal.nearnorthhealth.org/reavis-school-based-health-center-,https://web.archive.org/web/20250806131541id_/https://www.boardportal.nearnorthhealth.org/reavis-school-based-health-center-,2026-09-12,text/html,628917,fb3a6990f4185f5669b4c76986f52eb6407c09f6d25201f0dba4b510aea14fe8,The live URL failed on the access date; captured from the Internet Archive's copy at final_url.
rush_sbhc,https://www.rush.edu/about-us/rush-community/office-community-health-equity-and-engagement/community-based-practices,https://www.rush.edu/about-us/rush-community/office-community-health-equity-and-engagement/community-based-practices,2026-09-12,text/html; charset=UTF-8,111235,a2b842cea132367ac6ecd12ec2860f3f3272c243b32acc88d134f49043d76cb0,
tap_loc,https://tap360health.org/location/,https://tap360health.org/location/,2026-09-12,text/html; charset=UTF-8,297444,44f862f857b460ba2ca198259574d64b6c53f245e1060817f72eab830253f5e6,
tap_rename,https://tap360health.org/new-name-same-quality-care/,https://tap360health.org/new-name-same-quality-care/,2026-09-12,text/html; charset=UTF-8,242791,34d8eb9a5c3c1d00e1d8d4ae01ef8923c30bf8aea8777daf178cfbfb1a05d5ce,
tap_senn,https://tap360health.org/location/tapestry-senn-high-school/,https://tap360health.org/location/tapestry-senn-high-school/,2026-09-12,text/html; charset=UTF-8,324785,28fdd91c1e4a16d18695685d6ccdf4a0a9fc7572ce474f6ece5b420d19fb32a3,
tap_student,https://tap360health.org/medical-specialties/student-health/,https://tap360health.org/medical-specialties/student-health/,2026-09-12,text/html; charset=UTF-8,342964,8eaa3c709e299aeac77272d3d7f73be4e102a151c15e88a7a98d50f2ddd06d3b,
tca_carver,https://tcahealth.org/carver-military-academy-school-based-health-center/,https://tcahealth.org/carver-military-academy-school-based-health-center/,2026-09-12,text/html; charset=UTF-8,219743,a8c2349b1e8e1551d954a112ebcdee5a5c6aec701f91fafa101bfb3ea1b094b8,
tca_contact,https://tcahealth.org/contact-us/,https://tcahealth.org/contact-us/,2026-09-12,text/html; charset=UTF-8,260808,b2540061232b454c28d9b1f1cb33b84ac4af573278fe428eeb033bba2760f9ca,
uic_ag,https://live.today.uic.edu/grand-opening-of-ui-healths-auburn-gresham-health-center/,https://live.today.uic.edu/grand-opening-of-ui-healths-auburn-gresham-health-center/,2026-09-12,text/html; charset=UTF-8,131454,50087f8df4b56384e9f0a58508e71f3fc082017dbe35f90b992cb09fcaad6fea,An unrelated client-side credential in the page was replaced with [REDACTED_AZURE_FUNCTION_KEY] before hashing; the hash is of the redacted capture.
uic_drake_open,https://nursing.uic.edu/news-stories/school-based-community-health-center-named-for-uic-nursing-alumna-opens,https://web.archive.org/web/20250330023119id_/https://nursing.uic.edu/news-stories/school-based-community-health-center-named-for-uic-nursing-alumna-opens/,2026-09-12,text/html,234933,0e477b54efb4bff689382721ce010aa1f90df4c256ce451cd0316c7da304ccff,The live URL failed on the access date; captured from the Internet Archive's copy at final_url. An unrelated client-side credential in the page was replaced with [REDACTED_AZURE_FUNCTION_KEY] before hashing; the hash is of the redacted capture.
uic_ocean,https://oceanhp.uic.edu/programs/community-health/mile-square-community-school-health-centers/,https://oceanhp.uic.edu/programs/community-health/mile-square-community-school-health-centers/,2026-09-12,text/html; charset=UTF-8,290782,9c40840e8db0978e05155288db715f8e194041bf6bb6b3f231d9e1c5bd527c7f,An unrelated client-side credential in the page was replaced with [REDACTED_AZURE_FUNCTION_KEY] before hashing; the hash is of the redacted capture.
