site_name,sid,school_name,idph_center_name,campus_sids,sponsor_cps,sponsor_idph,setting,match_basis,site_address,school_address,zip,community,ward,lat,lon,idph_certified,cps_listed,hrsa_scope,hrsa_site_num,hrsa_site_name,hrsa_grantee,hrsa_setting_desc,hrsa_site_type,hrsa_status,hrsa_sbhc_subprogram,access_text,open_to_public,hours,phone,coord_basis,cps_status_2025,cps_adjusted_su,cps_colo,review_note,source,resolved_sponsor,resolved_setting,resolved_site_address,resolved_zip,resolved_phone,resolved_hours,resolved_access_text,resolved_school_name,resolved_operational_status,resolved_lat_lon,operational_status,closed_on,hours_medical_school_year,hours_medical_summer,hours_dental,room_or_entrance,sponsor_legal_name,resolution_confidence,resolution_fields,resolution_sources,resolution_note,verified_on
Benito Juarez Community Academy High School,609764,Benito Juarez Community Academy High School,Juarez High School SHC,,Alivio Medical Center,Alivio Medical Center,in_building,cps_school_id+school_name,"1450 West Cermak Rd, Chicago, IL 60608",1450 W CERMAK RD,60608,LOWER WEST SIDE,25,41.8529,-87.66455,true,true,true,BPS-H80-013554,Benito Juarez Community Academy,"ALIVIO MEDICAL CENTER, INC",School,Service Delivery Site,Active,N,Open to the Community: No Restrictions,true,"Mon, Wed, Thur: 8:30am-4:30pm",773-254-1400,hrsa_site,Efficient,1.09,0,,cps_health_centers_sheet@2026-09-11+cps_schools_geojson_2025@2026-09-11+hrsa_il_school_setting@2026-09-11+idph_shc_certified@2026-09-11,,in_building,1450 W Cermak Rd,,773-579-2691,,,,,,operating,,"Mon, Wed, Thur: 8:30am-4:30pm",,,,,high,hours_split(carried) operational_status(high) phone(high) setting(high) site_address(high),https://alivio.org/services/pediatrics/ | https://alivio.org/locations/ | https://www.cps.edu/globalassets/cps-pages/sites/back-to-school/student-health-and-school-forms-booklet-english-25-26.pdf,"[setting] Alivio: 'We also operate three school-based health centers, providing on-site, accessible health services to the students and community of Benito Juarez Community Academy, Orozco Community Academy, and Little Village Lawndale High School.' [site_address] Operator and current CPS booklet agree. Juarez occupies the block; Laflin St is a secondary frontage. [phone] IDPH and the current CPS booklet agree on the site line; the uploaded CPS sheet carries Alivio's central number instead. [operational_status] Listed on the operator's current site.",2026-09-12
Charles P Steinmetz College Preparatory HS,609732,Charles P Steinmetz College Preparatory HS,Steinmetz SHC,,PCC Community Wellness Center,PCC Community Center Wellness,in_building,cps_school_id+cps_directory_address,"3030 N Mobile Ave, Chicago, IL 60634",3030 N MOBILE AVE,60634,BELMONT CRAGIN,30,41.935603,-87.78434,true,true,true,BPS-H80-015567,PCC Steinmetz Health Center,PCC COMMUNITY WELLNESS CENTER,School,Service Delivery Site,Active,N,Open to the Community: No Restrictions,true,"Mon-Fri: 8:00am-5:00pm, Wed (3rd & 4th of the month): 9:00am-5:00pm, Thur: 8:00am-8:00pm (depending on doctor availability) If doctor is not avilable SBHC will close at 5:00pm on Thur.",773-622-5679,hrsa_site,Underutilized,0.67,0,,cps_health_centers_sheet@2026-09-11+cps_schools_geojson_2025@2026-09-11+hrsa_il_school_setting@2026-09-11+idph_shc_certified@2026-09-11,PCC Community Wellness Center,,,,,,,,,,operating,,"Mon-Fri: 8:00am-5:00pm, Wed (3rd & 4th of the month): 9:00am-5:00pm, Thur: 8:00am-8:00pm (depending on doctor availability) If doctor is not avilable SBHC will close at 5:00pm on Thur.",,,,,high,hours_split(carried) operational_status(high) sponsor(high),https://www.cps.edu/globalassets/cps-pages/sites/back-to-school/student-health-and-school-forms-booklet-english-25-26.pdf,"[sponsor] IDPH has the words transposed. CPS booklet abbreviates the sponsor 'PCC CWC'. [operational_status] Listed in CPS's 2025-26 SBHC directory. CPS 2025-26 forms booklet p.11; note this directory covers only the 'Open to ALL CPS Students' subset, not all 33 SBHCs",2026-09-12
Chicago Vocational Career Academy High School,609674,Chicago Vocational Career Academy High School,Chicago Vocational Career Academy SHC,,Chicago Family Health Center,Chicago Family Health Center,in_building,cps_school_id+cps_directory_address,"2100 E 87th St, Chicago, IL 60617",2100 E 87TH ST,60617,AVALON PARK,8,41.737728,-87.572531,true,true,true,BPS-H80-027541,Chicago Family Health Center - CVCA,CHICAGO FAMILY HEALTH CENTER INC,School,Service Delivery Site,Active,N,Open to the Community: No Restrictions,true,Mon-Fri: 8:30am-5:00pm,773-816-5081,hrsa_site,Underutilized,0.24,0,IDPH prints the sponsor on the center-name line and the school on the sponsor line for this entry; transposed here.,cps_health_centers_sheet@2026-09-11+cps_schools_geojson_2025@2026-09-11+hrsa_il_school_setting@2026-09-11+idph_shc_certified@2026-09-11,,,,60617,773-768-5000,,,,,,operating,,Mon-Fri: 8:30am-5:00pm,,,,,medium,hours_split(carried) operational_status(high) phone(medium) zip(high),https://www.cps.edu/globalassets/cps-pages/sites/back-to-school/student-health-and-school-forms-booklet-english-25-26.pdf | https://data.cityofchicago.org/api/views/cjg8-dbka/rows.csv?accessType=DOWNLOAD,"[zip] IDPH ZIP is wrong. [phone] IDPH and the current CPS booklet agree; 773-768-5000 is Chicago Family Health Center's main line, so the site may also have a direct line that is no longer published. [operational_status] Listed in CPS's 2025-26 SBHC directory. CPS 2025-26 forms booklet p.11; note this directory covers only the 'Open to ALL CPS Students' subset, not all 33 SBHCs",2026-09-12
David G Farragut Career Academy High School,609704,David G Farragut Career Academy High School,Farragut SHC,,Lawndale Christian Health Center,Lawndale Christian Health Center,in_building,cps_school_id+school_name,"2345 S Christiana Ave, Chicago, IL 60623",2345 S CHRISTIANA AVE,60623,SOUTH LAWNDALE,22,41.848326,-87.708367,true,true,true,BPS-H80-001032,LCHC at Farragut Academy,LAWNDALE CHRISTIAN HEALTH CENTER,School,Administrative/Service Delivery Site,Active,N,Open to the Community: No Restrictions,true,Monday-Friday: 8:30am-5pm,872-588-3540,hrsa_site,Underutilized,0.26,0,,cps_health_centers_sheet@2026-09-11+cps_schools_geojson_2025@2026-09-11+hrsa_il_school_setting@2026-09-11+idph_shc_certified@2026-09-11,,in_building,3256 W 24th St,,872-588-3540,Mon: 8:30am-5:00pm; Tue: 8:30am-7:00pm; Wed-Fri: 8:30am-5:00pm,,,,,operating,,Mon: 8:30am-5:00pm; Tue: 8:30am-7:00pm; Wed-Fri: 8:30am-5:00pm,,,Entrance at 3256 W 24th St,,high,hours(high) hours_split(high) operational_status(high) phone(high) room_or_entrance(high) setting(high) site_address(high),https://lawndale.org/farragut-academy | https://340bopais.hrsa.gov/cedetails/19531 | https://data.cityofchicago.org/api/views/cjg8-dbka/rows.csv?accessType=DOWNLOAD | https://www.cps.edu/globalassets/cps-pages/sites/back-to-school/student-health-and-school-forms-booklet-english-25-26.pdf,"[setting] LCHC states the clinic is 'located within Farragut Career Academy'. The 24th Street address is the clinic's own entrance on the school's south frontage. [site_address] Clinic's own published address. School building address remains 2345 S Christiana Ave. [hours] Both CPS sources miss the Tuesday evening extension to 7pm. [phone] IDPH carries LCHC's main switchboard, not the site line. [operational_status] Listed on the operator's current site. [hours_split] School-year medical schedule. No summer or dental schedule published. [room_or_entrance] LCHC states the clinic is within Farragut Career Academy; the 24th Street address is its own entrance on the school's south frontage.",2026-09-12
Englewood STEM High School,610592,Englewood STEM High School,Mile Square Englewood Stem Health and Wellness SHC,,UI Health,"Board of Trustees, U of I at Chicago",in_building,cps_school_id+cps_directory_address,"6835 S Normal Blvd, Chicago, IL 60621",6835 S NORMAL BLVD,60621,ENGLEWOOD,6,41.769599,-87.6363,true,true,true,BPS-H80-028185,Mile Square Englewood Health and Wellness Center,University of Illinois,School,Service Delivery Site,Active,N,Open to the Community: No Restrictions,true,Mon-Fri: 8:00am-4:30pm,312-355-5801,hrsa_site,Underutilized,0.49,0,,cps_health_centers_sheet@2026-09-11+cps_schools_geojson_2025@2026-09-11+hrsa_il_school_setting@2026-09-11+idph_shc_certified@2026-09-11,UI Health Mile Square Health Center,,,,,Mon-Fri: 8:00am-4:30pm,,,,,operating,,Mon-Fri: 8:00am-4:30pm,,,Door 2,"Board of Trustees, U of I at Chicago",medium,hours(medium) hours_split(medium) operational_status(high) room_or_entrance(high) sponsor(high),https://hospital.uillinois.edu/mile-square-health-center/locations/school-based-clinics | https://www.cps.edu/globalassets/cps-pages/sites/back-to-school/student-health-and-school-forms-booklet-english-25-26.pdf | https://oceanhp.uic.edu/programs/community-health/mile-square-community-school-health-centers/ | https://hospital.uillinois.edu/mile-square-health-center/locations/school-based-clinics/englewood-stem | https://hospital.uillinois.edu/mile-square-health-center/care-at-mile-square/services/primary-and-pediatric-care,"[sponsor] Not a true conflict: IDPH records the legal grantee, CPS the brand. The operating unit is UI Health Mile Square Health Center. [hours] Two CPS sources agree on 4:30pm close; UIC's OCEANHP program page says 4:00pm and appears to be the older of the two. [operational_status] Listed on the operator's current site. [hours_split] Two CPS sources agree on the 4:30pm close; UIC's OCEANHP page says 4:00pm and appears older. Mile Square publishes no separate summer window for this site. [room_or_entrance] Mile Square publishes the address as '6835 S. Normal Blvd. Door 2'.",2026-09-12
Esperanza at Cultivate Collective,,,,,,,school_linked,unmatched,"4350 S Laporte Ave, Chicago, IL 60638",,60638,,,41.812996,-87.747111,false,false,true,BPS-H80-037254,Esperanza at Cultivate Collective,ESPERANZA HEALTH CENTERS,School,Service Delivery Site,Active,N,,,,,hrsa_site,,,,"No CPS school building at this address; the host school, if any, is unresolved",hrsa_il_school_setting@2026-09-11,,in_building,,,,"Mon: 7:30am-5:00pm; Tue: 7:30am-4:30pm; Wed: 7:30am-5:00pm; Thu (1st & 3rd): 11:30am-6:30pm; Thu (2nd, 4th, 5th): 7:30am-4:30pm; Fri: 7:30am-4:30pm; Sat (4th of month): 7:30am-3:30pm",,Academy for Global Citizenship,,,operating,,"Mon: 7:30am-5:00pm; Tue: 7:30am-4:30pm; Wed: 7:30am-5:00pm; Thu (1st & 3rd): 11:30am-6:30pm; Thu (2nd, 4th, 5th): 7:30am-4:30pm; Fri: 7:30am-4:30pm; Sat (4th of month): 7:30am-3:30pm",,,,,medium,hours(high) hours_split(high) operational_status(high) school_name(medium) setting(medium),https://www.esperanzachicago.org/location/esperanza-cultivate-collective | https://cultivate-collective.org/services/health-wellness,"[school_name] Resolves the 'host school unresolved' note. The clinic sits on the Cultivate Collective campus in LeClaire Courts, which Cultivate describes as an 'on-site Health Clinic operated by Esperanza Health Centers' serving 'community members and AGC students'. AGC = Academy for Global Citizenship, a CPS charter. [setting] On-campus, but the clinic address (4350 S Laporte Ave) differs from Cultivate Collective's main address (4942 W 44th St), so building-level placement is not certain. Note this site is neither IDPH-certified nor in CPS's SBHC directory; it may not meet a strict SBHC definition. [hours] Fills a null. Operator-published. [operational_status] Listed on the operator's current site. [hours_split] School-year medical schedule. No summer or dental schedule published.",2026-09-12
George Washington Carver Military Academy HS,609760,George Washington Carver Military Academy HS,Carver SHC,,"TCA Health, Inc.","TCA Health, Inc.",in_building,cps_school_id+school_name,"13100 S Doty Ave, Chicago, IL 60827",13100 S DOTY AVE,60827,RIVERDALE,10,41.656525,-87.58933,true,true,true,BPS-H80-002916,"CARVER MILITARY ACADEMY/TCA HLTH,INC","TCA HEALTH, INC. NFP",School,Service Delivery Site,Active,N,Open to Enrolled Students at the School,false,Mon-Wed: 9:00am-1pm,773-535-5357,hrsa_site,Underutilized,0.32,0,,cps_health_centers_sheet@2026-09-11+cps_schools_geojson_2025@2026-09-11+hrsa_il_school_setting@2026-09-11+idph_shc_certified@2026-09-11,,,"13100 S Doty Ave, Chicago, IL 60827",,,Mon-Fri: 9:00am-4:00pm,Open to enrolled students at the school,,,,operating,,Mon-Fri: 9:00am-4:00pm,,,,,medium,access_text(high) hours(medium) hours_split(high) operational_status(high) site_address(high),https://tcahealth.org/carver-military-academy-school-based-health-center/,"[site_address] IDPH has both the street type and the ZIP wrong (60627 vs 60827). [hours] Operator publishes a five-day 9-4 schedule against CPS's three-day 9-1. Large gap; operator page last dated 2023, so worth a phone confirm. [access_text] Operator confirms the restriction CPS records. [operational_status] Listed on the operator's current site. [hours_split] School-year medical schedule. No summer or dental schedule published.",2026-09-12
Greater Lawndale High School For Social Justice,610383,Greater Lawndale High School For Social Justice,Little Village Lawndale SHC,610383;610384;610385;610392,Alivio Medical Center,Alivio Medical Center,in_building,cps_school_id+cps_directory_address,"3120 S Kostner Ave, Chicago, IL, 60623",3120 S KOSTNER AVE,60623,SOUTH LAWNDALE,22,41.835167,-87.735566,true,true,true,BPS-H80-009457,Little Village Lawndale Community High School Campus,"ALIVIO MEDICAL CENTER, INC",School,Service Delivery Site,Active,N,"Open to Enrolled Students at Infinity HS, Multicultural Arts HS, Little Village HS, World Language HS",false,Mon-Fri: 8:30am-12:00pm; 1:00pm-4:00pm,773-254-1400,hrsa_site,Efficient,0.87,1,"4 CPS schools share this building; a center here is a campus asset, not one school's",cps_health_centers_sheet@2026-09-11+cps_schools_geojson_2025@2026-09-11+hrsa_il_school_setting@2026-09-11+idph_shc_certified@2026-09-11,,in_building,,,,,,,,,operating,,,,,,,unresolved,hours(unresolved) hours_split(unresolved) operational_status(high) setting(high),https://alivio.org/services/pediatrics/ | https://alivio.org/locations/lawndale/ | https://alivio.org/locations/,"[setting] Alivio: 'We also operate three school-based health centers, providing on-site, accessible health services to the students and community of Benito Juarez Community Academy, Orozco Community Academy, and Little Village Lawndale High School.' [hours] NOT RESOLVED. A provider-claimed third-party listing shows a much narrower schedule including a Wednesday closure; Alivio's own site publishes no hours for this site. Left null; needs a phone confirm. [operational_status] Listed on the operator's current site. [hours_split] Alivio publishes no hours for this site. A provider-claimed third-party listing shows a much narrower week including a Wednesday closure, against the CPS sheet's Mon-Fri split-shift value. Needs a phone confirm.",2026-09-12
James Weldon Johnson STEAM Elementary School,610274,James Weldon Johnson STEAM Elementary School,Johnson SHC,,Erie Family Health Centers,Erie Family Health Center,in_building,cps_school_id+school_name,"1420 S Albany Ave, Chicago, IL 60623",1420 S ALBANY AVE,60623,NORTH LAWNDALE,24,41.861116,-87.703417,true,true,true,BPS-H80-012779,Erie Johnson School-Based Health Center,ERIE FAMILY HEALTH CENTER,School,Service Delivery Site,Active,N,Open to the Community: No Restrictions,true,Mon-Fri: 8:00am-4:30pm,312-666-3494,hrsa_site,Underutilized,0.38,0,,cps_health_centers_sheet@2026-09-11+cps_schools_geojson_2025@2026-09-11+hrsa_il_school_setting@2026-09-11+idph_shc_certified@2026-09-11,Erie Family Health Centers,school_linked,1504 S Albany Ave,,,"Mon, Tue, Thu, Fri: 8:00am-4:30pm; Wed: 10:00am-4:30pm",,,,,operating,,"Mon, Tue, Thu, Fri: 8:00am-4:30pm; Wed: 10:00am-4:30pm",,,,,medium,hours(high) hours_split(high) operational_status(high) setting(high) site_address(medium) sponsor(high),https://www.eriefamilyhealth.org/locations/ | https://www.eriefamilyhealth.org/locations/johnson/ | https://data.cityofchicago.org/api/views/cjg8-dbka/rows.csv?accessType=DOWNLOAD | https://www.cps.edu/globalassets/cps-pages/sites/back-to-school/student-health-and-school-forms-booklet-english-25-26.pdf,"[sponsor] Operator uses the plural form; IDPH and HRSA carry the older singular. [site_address] Operator (Erie), IDPH and CDPH 2014 all say 1504 S Albany; HRSA's coordinate in sbhc.csv (41.8611) also matches 1504 rather than 1420. CPS gives 1420 S Albany in both the uploaded sheet and the 2025-26 booklet - that is the school building address. [setting] CORRECTED from sbhc.csv's in_building. 1504 S Albany is a separate building from the Johnson school building at 1420 S Albany, confirmed by local knowledge on 2026-09-12. CPS publishes the school address for this center in both the uploaded sheet and the 2025-26 booklet, which is what produced the bad in_building classification. coord_basis stays 'hrsa_site': the existing coordinate (41.861116, -87.703417) is the center's own, not the school's, so the school_linked coordinate rule in test_sbhc.py passes unchanged. Note this row no longer needs to satisfy the in_building/sid rule. [hours] Both CPS sources miss the Wednesday 10am open. [operational_status] Listed on the operator's current site. [hours_split] School-year medical schedule. No summer or dental schedule published.",2026-09-12
John B Drake Elementary School,609894,John B Drake Elementary School,Drake Elementary SHC,,UI Health,"Board of Trustees, U of I at Chicago",in_building,cps_school_id+cps_directory_address,"2710 S Dearborn St, Chicago, IL 60616",2710 S DEARBORN ST,60616,DOUGLAS,3,41.84347,-87.628733,true,true,true,BPS-H80-027383,Mile Square  Dr. Cynthia Barnes Boyd/Drake Health and Wellness Center,University of Illinois,School,Service Delivery Site,Active,N,Open to the Community: No Restrictions,true,Mon-Fri: 8:00am-4:00pm,312-355-5746,hrsa_site,Underutilized,0.31,0,,cps_health_centers_sheet@2026-09-11+cps_schools_geojson_2025@2026-09-11+hrsa_il_school_setting@2026-09-11+idph_shc_certified@2026-09-11,UI Health Mile Square Health Center,,,,,,Open to the community,,,,operating,,,Mon-Fri: 7:00am-3:30pm (Jun 16 - Aug 8),,,"Board of Trustees, U of I at Chicago",unresolved,access_text(high) hours(unresolved) hours_split(medium) operational_status(high) phone(unresolved) sponsor(high),https://hospital.uillinois.edu/mile-square-health-center/locations/school-based-clinics | https://hospital.uillinois.edu/mile-square-health-center/locations/school-based-clinics/barnes-boyd | https://oceanhp.uic.edu/programs/community-health/mile-square-community-school-health-centers/ | https://www.cps.edu/globalassets/cps-pages/sites/back-to-school/student-health-and-school-forms-booklet-english-25-26.pdf | https://nursing.uic.edu/news-stories/school-based-community-health-center-named-for-uic-nursing-alumna-opens,"[sponsor] Not a true conflict: IDPH records the legal grantee, CPS the brand. The operating unit is UI Health Mile Square Health Center. [hours] NOT RESOLVED. UI Health's two own pages disagree with each other. CPS booklet and OCEANHP both say 8a-4p; the Mile Square location page says 8:30a-4:30p. Left null. [phone] NOT RESOLVED. Both sheets and the CPS booklet say ...5746; both UI Health pages say ...5745. One digit apart, so a typo exists on one side. Left null. [access_text] Confirmed. [operational_status] Listed on the operator's current site. [hours_split] Summer window is unambiguous on the operator's location page. School-year hours stay empty: the Mile Square location page says 8:30am-4:30pm while UIC's OCEANHP page and the CPS booklet both say 8:00am-4:00pm. Splitting the field isolates the conflict to one cell instead of discarding the summer value with it.",2026-09-12
Joyce Kilmer International Academy,610022,Joyce Kilmer International Academy,Kilmer School Health Center,,Tapestry 360 Health,Heartland Health Center,in_building,cps_school_id+cps_directory_address,"6700 N Greenview Ave, Chicago, IL 60626",6700 N GREENVIEW AVE,60626,ROGERS PARK,49,42.003916,-87.668498,true,true,true,BPS-H80-018675,Tapestry 360 Health - Kilmer,TAPESTRY 360 HEALTH,School,Service Delivery Site,Active,N,Open to Enrolled Students at the School,false,"Tue, Thur, Fri: 8:00 am-4:00 pm",773-366-7704,hrsa_site,Efficient,0.87,0,,cps_health_centers_sheet@2026-09-11+cps_schools_geojson_2025@2026-09-11+hrsa_il_school_setting@2026-09-11+idph_shc_certified@2026-09-11,Tapestry 360 Health,,,,773-366-7704,,,,,,operating,,"Tue, Thur, Fri: 8:00 am-4:00 pm",,,Room 109,,high,hours_split(carried) operational_status(high) phone(high) room_or_entrance(high) sponsor(high),https://tap360health.org/new-name-same-quality-care/ | https://blockclubchicago.org/2022/10/13/heartland-health-centers-renamed-tapestry-360-health-to-avoid-confusion-with-former-sister-agency/ | https://tap360health.org/location/,[sponsor] Heartland Health Centers rebranded as Tapestry 360 Health in Oct 2022. IDPH certified list still carries the pre-rename name. CPS sheet is correct. [phone] IDPH lists the same number for Kilmer and Sullivan; both are wrong. [operational_status] Listed on the operator's current site. [room_or_entrance] Published by Tapestry 360 Health.,2026-09-12
Lake View High School,609719,Lake View High School,Lakeview SHC,,Erie Family Health Centers,Erie Family Health Center,in_building,cps_school_id+cps_directory_address,"4015 N Ashland Ave, Chicago, IL 60613",4015 N ASHLAND AVE,60613,LAKE VIEW,47,41.955254,-87.668605,true,true,true,BPS-H80-010649,Erie Lake View School Based Health Center,ERIE FAMILY HEALTH CENTER,School,Service Delivery Site,Active,N,Open to Enrolled Students at the School,false,"Mon, Tue, Thur, Fri:  8:00am-4:30pm, Wed: 10:00am-4:30pm",312-666-3494,hrsa_site,Efficient,1.05,0,,cps_health_centers_sheet@2026-09-11+cps_schools_geojson_2025@2026-09-11+hrsa_il_school_setting@2026-09-11+idph_shc_certified@2026-09-11,Erie Family Health Centers,,,,,,,,,,operating,,"Mon, Tue, Thu, Fri: 8:00am-4:30pm; Wed: 10:00am-4:30pm",,,,,high,hours_split(high) operational_status(high) sponsor(high),https://www.eriefamilyhealth.org/locations/ | https://www.eriefamilyhealth.org/locations/lake-view/,[sponsor] Operator uses the plural form; IDPH and HRSA carry the older singular. [operational_status] Listed on the operator's current site. [hours_split] School-year medical schedule. No summer or dental schedule published.,2026-09-12
Laura S Ward Elementary School,610133,Laura S Ward Elementary School,Westside SHC,,Erie Family Health Centers,Erie Family Health Center,in_building,cps_school_id+cps_directory_address,"646 N Lawndale Ave, Chicago, IL 60624",646 N LAWNDALE AVE,60624,HUMBOLDT PARK,27,41.893241,-87.718975,true,true,true,BPS-H80-005301,Erie Westside Health Center at Laura S. Ward Elementary,ERIE FAMILY HEALTH CENTER,School,Service Delivery Site,Active,N,Open to the Community: No Restrictions,true,"Mon,Tue,Thur, Fri: 8:00am-4:30pm, Wed:10:00am-4:30pm",312-666-3494,hrsa_site,Underutilized,0.32,0,,cps_health_centers_sheet@2026-09-11+cps_schools_geojson_2025@2026-09-11+hrsa_il_school_setting@2026-09-11+idph_shc_certified@2026-09-11,Erie Family Health Centers,,,,,,,,,,operating,,"Mon, Tue, Thu, Fri: 8:00am-4:30pm; Wed: 10:00am-4:30pm",,,Entrance on Ridgeway Ave,,high,hours_split(high) operational_status(high) room_or_entrance(high) sponsor(high),https://www.eriefamilyhealth.org/locations/ | https://www.eriefamilyhealth.org/locations/westside/,"[sponsor] Operator uses the plural form; IDPH and HRSA carry the older singular. [operational_status] Listed on the operator's current site. [hours_split] School-year medical schedule. No summer or dental schedule published. [room_or_entrance] Erie: health center entrance on the west side of the building off Ridgeway, with its own parking.",2026-09-12
Ludwig Van Beethoven Elementary School,610237,Ludwig Van Beethoven Elementary School,Beethoven SHC,,Friend Health,Friend Family Health Center,in_building,cps_school_id+cps_directory_address,"25 W 47th St, Chicago, IL 60609",25 W 47TH ST,60609,GRAND BOULEVARD,3,41.808268,-87.62714,true,true,true,BPS-H80-006732,FFHC-Beethoven,"Friend Family Health Center, Inc.",School,Service Delivery Site,Active,N,Open to the Community: No Restrictions,true,Thur & Fri: 8am-5pm,312-682-6110,hrsa_site,Underutilized,0.36,0,,cps_health_centers_sheet@2026-09-11+cps_schools_geojson_2025@2026-09-11+hrsa_il_school_setting@2026-09-11+idph_shc_certified@2026-09-11,Friend Health,,,,,,,,,,operating,,Thur & Fri: 8am-5pm,,,Room 134,,medium,hours_split(carried) operational_status(high) room_or_entrance(medium) sponsor(high),https://www.cps.edu/globalassets/cps-pages/sites/back-to-school/student-health-and-school-forms-booklet-english-25-26.pdf,"[sponsor] Operating name is Friend Health; 'Friend Family Health Center, Inc.' remains the corporate/grantee name. CPS 2025-26 booklet lists 'BEETHOVEN ES Friend Health'. [operational_status] Listed in CPS's 2025-26 SBHC directory. CPS 2025-26 forms booklet p.11; note this directory covers only the 'Open to ALL CPS Students' subset, not all 33 SBHCs [room_or_entrance] From the IDPH certified list ('25 West 47th St., Rm 134'). IDPH is stale on this site's provider name but the room number is not contradicted anywhere.",2026-09-12
Marquette Elementary School,610053,Marquette Elementary School,Marquette Elementary SHC,,Esperanza Health Centers,Esperanza Clinic,in_building,cps_school_id+cps_directory_address,"6550 S Richmond St, Chicago, IL 60629",6550 S RICHMOND ST,60629,CHICAGO LAWN,15,41.774215,-87.697714,true,true,true,BPS-H80-012783,Esperanza Marquette,ESPERANZA HEALTH CENTERS,School,Service Delivery Site,Active,N,Open to the Community: No Restrictions,true,"Mon: 7:30am-5:00pm, Tue: 7:30am-5:00pm, Wed: 7:30am-5:00pm , Thur (1st & 3rd of the month): 11:30am-6:30pm, Thur (2nd, 4th, & 5th of the month): 7:30am-5:00pm, Fri: 7:30am-1:00pm, Sat (rotating): 7:30am-3:30pm",773-584-6200,hrsa_site,Underutilized,0.69,0,,cps_health_centers_sheet@2026-09-11+cps_schools_geojson_2025@2026-09-11+hrsa_il_school_setting@2026-09-11+idph_shc_certified@2026-09-11,Esperanza Health Centers,,,,773-584-6200,,,,,,operating,,"Mon: 7:30am-5:00pm, Tue: 7:30am-5:00pm, Wed: 7:30am-5:00pm , Thur (1st & 3rd of the month): 11:30am-6:30pm, Thur (2nd, 4th, & 5th of the month): 7:30am-5:00pm, Fri: 7:30am-1:00pm, Sat (rotating): 7:30am-3:30pm",,,,,high,hours_split(carried) operational_status(high) phone(high) sponsor(high),https://www.cps.edu/globalassets/cps-pages/sites/back-to-school/student-health-and-school-forms-booklet-english-25-26.pdf | https://www.iphca.org/health-center-locator/,"[sponsor] IDPH's 'Esperanza Clinic' is not the organization's name. [phone] IDPH number is not published by the operator. [operational_status] Listed in CPS's 2025-26 SBHC directory. CPS 2025-26 forms booklet p.11; note this directory covers only the 'Open to ALL CPS Students' subset, not all 33 SBHCs",2026-09-12
Military Leadership Academy,609780,Military Leadership Academy,Primecare Hamlin,,PrimeCareHealth Community Health Centers,Primecare Community Health,in_building,cps_school_id+cps_directory_address,"1920 N Hamlin Ave, Chicago, IL 60647",1920 N HAMLIN AVE,60647,LOGAN SQUARE,26,41.915982,-87.722486,true,true,true,BPS-H80-012113,PrimeCare Hamlin,PRIMECARE COMMUNITY HEALTH INC,School,Service Delivery Site,Active,N,Open to the Community: No Restrictions,true,Mon-Fri: 9:00am-5:00pm,773-772-7202,hrsa_site,Underutilized,0.58,0,,cps_health_centers_sheet@2026-09-11+cps_schools_geojson_2025@2026-09-11+hrsa_il_school_setting@2026-09-11+idph_shc_certified@2026-09-11,PrimeCare Community Health,,,,,,,Marine Leadership Academy at Ames,,,operating,,Mon-Fri: 9:00am-5:00pm,,,,,high,hours_split(carried) operational_status(high) school_name(high) sponsor(high),https://www.cps.edu/globalassets/cps-pages/sites/back-to-school/student-health-and-school-forms-booklet-english-25-26.pdf | https://data.cityofchicago.org/api/views/cjg8-dbka/rows.csv?accessType=DOWNLOAD,"[school_name] sbhc.csv carries a stale CPS school label for sid 609780. Both the uploaded CPS sheet and the CPS 2025-26 booklet say Marine Leadership at Ames HS. [sponsor] CPS sheet value looks like a malformed concatenation. CPS booklet abbreviates 'PCH CHC'; CDPH 2014 names the site 'PrimeCare Ames'. [operational_status] Listed in CPS's 2025-26 SBHC directory. CPS 2025-26 forms booklet p.11; note this directory covers only the 'Open to ALL CPS Students' subset, not all 33 SBHCs",2026-09-12
Mobile Oral Health Unit,,,,,,,mobile,hrsa_site_name_mobile,"1029 E 130th St, Chicago, IL 60628",,60628,,,41.659629,-87.595557,false,false,true,BPS-H80-037644,Mobile Oral Health Unit,"TCA HEALTH, INC. NFP",School,Service Delivery Site,Active,N,,,,,hrsa_site,,,,"No CPS school building at this address; the host school, if any, is unresolved; HRSA registers this mobile unit at its sponsor's address; it is not a fixed site in any school",hrsa_il_school_setting@2026-09-11,,mobile,,,,,,,,,unverified,,,,,,,unresolved,operational_status(unresolved) setting(high),https://tcahealth.org/contact-us/ | https://www.cps.edu/globalassets/cps-pages/sites/back-to-school/student-health-and-school-forms-booklet-english-25-26.pdf,"[setting] TCA: 'The Mobile Student Health Clinic travels to various schools on Chicago's far south side.' No fixed host school exists to resolve; the null is correct, not missing. [operational_status] No current operator page or CPS directory entry checked for this site. HRSA carries hrsa_status='Active' but that field was not independently re-verified, so no status is asserted.",2026-09-12
"Mobile Student Health Clinic, Parking Lot B",,,,,,,mobile,hrsa_site_name_mobile,"1029 E 130th St, Chicago, IL 60628",,60628,,,41.659629,-87.595557,false,false,true,BPS-H80-024735,"Mobile Student Health Clinic, Parking Lot B","TCA HEALTH, INC. NFP",School,Service Delivery Site,Active,N,,,,,hrsa_site,,,,"No CPS school building at this address; the host school, if any, is unresolved; HRSA registers this mobile unit at its sponsor's address; it is not a fixed site in any school",hrsa_il_school_setting@2026-09-11,,mobile,,,,,,,,,unverified,,,,,,,unresolved,operational_status(unresolved) setting(high),https://tcahealth.org/contact-us/ | https://www.cps.edu/globalassets/cps-pages/sites/back-to-school/student-health-and-school-forms-booklet-english-25-26.pdf,"[setting] TCA: 'The Mobile Student Health Clinic travels to various schools on Chicago's far south side.' No fixed host school exists to resolve; the null is correct, not missing. [operational_status] No current operator page or CPS directory entry checked for this site. HRSA carries hrsa_status='Active' but that field was not independently re-verified, so no status is asserted.",2026-09-12
Nathan S Davis Elementary School,609876,Nathan S Davis Elementary School,Davis Elementary SHC,,UI Health,"Board of Trustees, U of I at Chicago",school_linked,cps_school_id+cps_directory_address,"3050 W. 39th Place, Chicago, IL 60632",3014 W 39TH PL,60632,BRIGHTON PARK,12,41.822203,-87.701646,true,true,true,BPS-H80-011549,"UNIVERSITY OF ILLINOIS MEDICAL CENTER, MILE SQUARE HEALTH CENTER, Davis Health and Wellness Center",University of Illinois,School,Service Delivery Site,Active,N,Open to the Community: No Restrictions,true,"Mon, Tue, Wed, Fri: 8:00am-4:30pm, Thur: 10:00am-6:00pm",312-413-3090,hrsa_site,Underutilized,0.57,0,Center address differs from the school's building address in the CPS school file,cps_health_centers_sheet@2026-09-11+cps_schools_geojson_2025@2026-09-11+hrsa_il_school_setting@2026-09-11+idph_shc_certified@2026-09-11,UI Health Mile Square Health Center,in_building,,,312-413-3090,"Mon, Tue, Wed, Fri: 8:30am-4:30pm; Thu: 10:00am-6:00pm",Open to the community,,,,operating,,"Mon, Tue, Wed, Fri: 8:30am-4:30pm; Thu: 10:00am-6:00pm",Mon-Fri: 8:00am-4:30pm (Jun 16 - Aug 8),,"Davis Annex, 3050 W 39th Pl","Board of Trustees, U of I at Chicago",medium,access_text(high) hours(medium) hours_split(medium) operational_status(high) phone(high) room_or_entrance(medium) setting(medium) sponsor(high),https://hospital.uillinois.edu/mile-square-health-center/locations/school-based-clinics | https://oceanhp.uic.edu/programs/community-health/mile-square-community-school-health-centers/ | https://hospital.uillinois.edu/mile-square-health-center/locations/school-based-clinics/davis-health-wellness-center | https://www.cps.edu/globalassets/cps-pages/sites/back-to-school/student-health-and-school-forms-booklet-english-25-26.pdf | https://data.cityofchicago.org/api/views/cjg8-dbka/rows.csv?accessType=DOWNLOAD,"[sponsor] Not a true conflict: IDPH records the legal grantee, CPS the brand. The operating unit is UI Health Mile Square Health Center. [setting] sbhc.csv has this as school_linked because the center address differs from the school building address. IDPH names it an Annex, i.e. CPS space on the Davis campus, and both CPS and UI Health publish the center at 3050 W 39th Pl. For a co-location analysis this is in-building CPS space. Flagged: depends on whether the annex is a separate structure. [hours] Operator says 8:30am open in school season; both CPS sources say 8:00am. CPS may be carrying the summer open time. Day pattern agrees. [phone] IDPH's number matches the CDPH 2014 snapshot and is stale. [access_text] Confirmed. [operational_status] Listed on the operator's current site. [hours_split] Operator publishes both windows. Both CPS sources give an 8:00am school-year open against the operator's 8:30am; CPS may be carrying the summer open time. [room_or_entrance] IDPH names the location an Annex. This is the evidence behind reclassifying the site in_building; flagged because an annex may be a separate structure on the campus.",2026-09-12
National Teachers Elementary Academy,610231,National Teachers Elementary Academy,National Teacher's Academy SHC,,UI Health,"Board of Trustees, U of I at Chicago",in_building,cps_school_id+cps_directory_address,"55 W Cermak Rd, Chicago, IL 60616",55 W CERMAK RD,60616,NEAR SOUTH SIDE,3,41.851903,-87.62876,true,true,true,BPS-H80-005757,"UNIVERSITY OF ILLINOIS MEDICAL CENTER - MILE SQUARE HEALTH CENTER, NATIONAL TEACHERS ACADEMY HEALTH AND WELLNESS CENTER",University of Illinois,School,Service Delivery Site,Active,N,Open to the Community: No Restrictions,true,Mon-Fri: 8:30am-4:30pm,312-413-3880,hrsa_site,Underutilized,0.64,0,,cps_health_centers_sheet@2026-09-11+cps_schools_geojson_2025@2026-09-11+hrsa_il_school_setting@2026-09-11+idph_shc_certified@2026-09-11,UI Health Mile Square Health Center,,55 W Cermak Rd,,,,,,,,operating,,Mon-Fri: 8:30am-4:30pm,,,,"Board of Trustees, U of I at Chicago",high,hours_split(high) operational_status(high) site_address(high) sponsor(high),https://hospital.uillinois.edu/mile-square-health-center/locations/school-based-clinics | https://hospital.uillinois.edu/mile-square-health-center/care-at-mile-square/services/primary-and-pediatric-care | https://oceanhp.uic.edu/programs/community-health/mile-square-community-school-health-centers/,"[sponsor] Not a true conflict: IDPH records the legal grantee, CPS the brand. The operating unit is UI Health Mile Square Health Center. [site_address] There is no Cermak Ave; IDPH street type is wrong. [operational_status] Listed on the operator's current site. [hours_split] Operator and CPS sheet agree. No separate summer window published.",2026-09-12
Nicholas Senn High School,609730,Nicholas Senn High School,Senn SHC,,Tapestry 360 Health,Heartland Health Center,in_building,cps_school_id+cps_directory_address,"5900 N Glenwood Ave, Chicago, IL 60660",5900 N GLENWOOD AVE,60660,EDGEWATER,48,41.989015,-87.666682,true,true,true,BPS-H80-003767,Tapestry 360 Health - Senn High School,TAPESTRY 360 HEALTH,School,Service Delivery Site,Active,N,Open to Enrolled Students at the School,false,"Mon, Tue, Thur: 8:00 am-4:00 pm",773-751-1860,hrsa_site,Underutilized,0.67,0,,cps_health_centers_sheet@2026-09-11+cps_schools_geojson_2025@2026-09-11+hrsa_il_school_setting@2026-09-11+idph_shc_certified@2026-09-11,Tapestry 360 Health,,,,,Mon-Fri: 8:00am-4:00pm,,,,,operating,,Mon-Fri: 8:00am-4:00pm,,,Room 144,,high,hours(high) hours_split(high) operational_status(high) room_or_entrance(high) sponsor(high),https://tap360health.org/new-name-same-quality-care/ | https://blockclubchicago.org/2022/10/13/heartland-health-centers-renamed-tapestry-360-health-to-avoid-confusion-with-former-sister-agency/ | https://tap360health.org/location/ | https://tap360health.org/location/tapestry-senn-high-school/,[sponsor] Heartland Health Centers rebranded as Tapestry 360 Health in Oct 2022. IDPH certified list still carries the pre-rename name. CPS sheet is correct. [hours] Operator page modified 2026-08-17 publishes a five-day week; CPS sheet has three days. [operational_status] Listed on the operator's current site. [hours_split] School-year medical schedule. No summer or dental schedule published. [room_or_entrance] Published by Tapestry 360 Health.,2026-09-12
Noble - Gary Comer College Prep,400052,Noble - Gary Comer College Prep,Comer Youth Center,,ACCESS Community Health Center,Access Community Health Network,school_linked,cps_school_id+cps_directory_address,"7200 S. Ingleside Ave, Chicago, IL 60619",7131 S SOUTH CHICAGO AVE,60619,GREATER GRAND CROSSING,5,,,true,true,false,,,,,,,,Open to CPS Students Only,false,"Mon, Wed, Fri: 8:30am-5:00pm, Tue & Thur: 9:30am-6:00pm (open hours) scheduling hours vary",773-324-6942,,Efficient,0.74,1,Center address differs from the school's building address in the CPS school file; No coordinate for the center's own address; needs geocoding before it can be mapped,cps_health_centers_sheet@2026-09-11+cps_schools_geojson_2025@2026-09-11+idph_shc_certified@2026-09-11,Access Community Health Network,school_linked,,,,,,,,"41.764002,-87.601896",operating,,"Mon, Wed, Fri: 8:30am-5:00pm, Tue & Thur: 9:30am-6:00pm (open hours) scheduling hours vary",,,,,medium,hours_split(carried) lat_lon(medium) operational_status(high) setting(high) sponsor(high),https://www.cps.edu/globalassets/cps-pages/sites/back-to-school/student-health-and-school-forms-booklet-english-25-26.pdf | https://data.cityofchicago.org/api/views/cjg8-dbka/rows.csv?accessType=DOWNLOAD,"[sponsor] IDPH carries the correct corporate name; CPS sheet's '...Health Center' is wrong. CPS booklet uses the brand 'ACCESS'. [setting] Center is inside the Gary Comer Youth Center, a separate building from Gary Comer College Prep. school_linked confirmed. [lat_lon] Fills the null coordinate flagged in sbhc.csv. Basis is a 2014 CDPH geocode of an address that has not changed, not the center's own published coordinate. Set coord_basis='cdph_2014_geocode', not 'cps_school_building'. [operational_status] Listed in CPS's 2025-26 SBHC directory. CPS 2025-26 forms booklet p.11; note this directory covers only the 'Open to ALL CPS Students' subset, not all 33 SBHCs",2026-09-12
Noble Mansueto High School,400179,Noble Mansueto High School,,,Esperanza Health Centers,,school_linked,cps_offsite_override,"4700 S California Ave, Chicago, IL, 60632",2911 W 47TH ST,60632,BRIGHTON PARK,14,41.80819121,-87.69479705,false,true,false,,,,,,,,Open to the Community: No Restrictions,true,"Mon: 7:15am-5:45pm, Tue, Wed: 7:15am-6:00pm, Thur (1st & 3rd of the month): 11:30am-6:45pm, Thur (2nd, 4th, & 5th of the month): 7:15am-5:45pm, Fri: 7:15am-4:00pm, Sat: 7:30am-4:00pm",,cps_offsite_override,,,0,CPS supplies an off-site coordinate override for this center: it is affiliated with the school but not in it,cps_health_centers_sheet@2026-09-11+cps_schools_geojson_2025@2026-09-11,,school_linked,,,,,,,,,operating,,"Mon: 7:15am-5:45pm, Tue, Wed: 7:15am-6:00pm, Thur (1st & 3rd of the month): 11:30am-6:45pm, Thur (2nd, 4th, & 5th of the month): 7:15am-5:45pm, Fri: 7:15am-4:00pm, Sat: 7:30am-4:00pm",,,,,medium,hours_split(carried) operational_status(medium) setting(high),https://www.iphca.org/health-center-locator/ | https://www.esperanzachicago.org/location/esperanza-cultivate-collective,"[setting] The center is Esperanza's own Brighton Park clinic at 4700 S California Ave, roughly a kilometer from Mansueto HS (2911 W 47th St). CPS's off-site override is correct. [operational_status] Esperanza's Brighton Park clinic at 4700 S California Ave, carried as a current site by the IPHCA health-center locator - the same source that settles this row's setting. CPS supplies an off-site coordinate override linking it to Mansueto HS; the center is school-linked, not in the school building.",2026-09-12
Orozco Fine Arts & Sciences Elementary School,610329,Orozco Fine Arts & Sciences Elementary School,Orozco SHC,,Alivio Medical Center,Alivio Medical Center,in_building,cps_school_id+cps_directory_address,"1940 W 18th St, Chicago, IL 60608",1940 W 18TH ST,60608,LOWER WEST SIDE,25,41.857976,-87.675125,true,true,true,BPS-H80-010185,Jose Clemente Orozco Academy,"ALIVIO MEDICAL CENTER, INC",School,Service Delivery Site,Active,N,Open to the Community: No Restrictions,true,Mon-Fri: 8:30am-4:15pm,773-254-1400,hrsa_site,Underutilized,0.39,0,,cps_health_centers_sheet@2026-09-11+cps_schools_geojson_2025@2026-09-11+hrsa_il_school_setting@2026-09-11+idph_shc_certified@2026-09-11,,in_building,,,,,,,,,operating,,Mon-Fri: 8:30am-4:15pm,,,,,high,hours_split(carried) operational_status(high) setting(high),https://alivio.org/services/pediatrics/ | https://alivio.org/locations/,"[setting] Alivio: 'We also operate three school-based health centers, providing on-site, accessible health services to the students and community of Benito Juarez Community Academy, Orozco Community Academy, and Little Village Lawndale High School.' [operational_status] Listed on the operator's current site.",2026-09-12
Orr Academy High School,610389,Orr Academy High School,Orr Adolescent SHC,400180;610389,Rush University Medical Center,Rush University Medical Center,in_building,cps_school_id+cps_directory_address,"730 N Pulaski Rd. Room 109, Chicago, IL 60624",730 N PULASKI RD,60624,HUMBOLDT PARK,37,41.894547,-87.72666,true,true,false,,,,,,,,Open to Enrolled Students at the School (Orr Academy & KIPP One),false,"Mon-Thur: 9:00am-3:30pm, Fri: 9:00am-1:00pm",773-534-8924,cps_school_building,Efficient,0.71,1,"2 CPS schools share this building; a center here is a campus asset, not one school's",cps_health_centers_sheet@2026-09-11+cps_schools_geojson_2025@2026-09-11+idph_shc_certified@2026-09-11,,,"730 N Pulaski Rd, Room 109",,,,,,,,operating,,"Mon-Thur: 9:00am-3:30pm, Fri: 9:00am-1:00pm",,,Room 109,,high,hours_split(carried) operational_status(high) room_or_entrance(high) site_address(high),https://www.rush.edu/about-us/rush-community/office-community-health-equity-and-engagement/community-based-practices | https://data.cityofchicago.org/api/views/cjg8-dbka/rows.csv?accessType=DOWNLOAD,[site_address] Three different street types across sources; Pulaski Rd is correct. Rush's own page is also wrong here. [operational_status] Listed on the operator's current site. [room_or_entrance] Published by Rush.,2026-09-12
Paul Laurence Dunbar Career Academy High School,609676,Paul Laurence Dunbar Career Academy High School,Dunbar SHC,,Rush University Medical Center,Mercy Hospital and Medical Center,in_building,cps_school_id+cps_directory_address,"3000 S King Dr, Chicago, IL 60616",3000 S KING DR,60616,DOUGLAS,4,41.840226,-87.617637,true,true,false,,,,,,,,Open to Enrolled Students at the School,false,Tuesday: 10:00am-3:00pm,773-534-0904,cps_school_building,Underutilized,0.22,0,,cps_health_centers_sheet@2026-09-11+cps_schools_geojson_2025@2026-09-11+idph_shc_certified@2026-09-11,Rush University Medical Center,,,,773-534-0904,,,,,,operating,,Tuesday: 10:00am-3:00pm,,,Room 208,,high,hours_split(carried) operational_status(high) phone(high) room_or_entrance(high) sponsor(high),https://www.rush.edu/about-us/rush-community/office-community-health-equity-and-engagement/community-based-practices,[sponsor] Rush lists 'Rush Health Center at Dunbar Vocational Career Academy High School' among its five SBHCs and publishes the same phone CPS carries. IDPH's Mercy attribution is stale. [phone] IDPH number is a Mercy Hospital line and is stale along with the sponsor. [operational_status] Listed on the operator's current site. [room_or_entrance] Published by Rush.,2026-09-12
Richard T Crane Medical Preparatory HS,610561,Richard T Crane Medical Preparatory HS,Crane Adolescent SHC,,Rush University Medical Center,Rush University Medical Center,in_building,cps_school_id+cps_directory_address,"2245 W Jackson Blvd. Room 110 , Chicago, IL 60612",2245 W JACKSON BLVD,60612,NEAR WEST SIDE,27,41.876947,-87.683301,true,true,false,,,,,,,,Open to Enrolled Students at the School,false,"Mon-Thur: 9am-3:30pm, Fri: 9:00am-1:00pm",773-534-7582,cps_school_building,Underutilized,0.17,0,,cps_health_centers_sheet@2026-09-11+cps_schools_geojson_2025@2026-09-11+idph_shc_certified@2026-09-11,,,,,,,,,,,operating,,"Mon-Thur: 9am-3:30pm, Fri: 9:00am-1:00pm",,,Room 110,,high,hours_split(carried) operational_status(high) room_or_entrance(high),https://www.rush.edu/about-us/rush-community/office-community-health-equity-and-engagement/community-based-practices,[operational_status] Listed on the operator's current site. [room_or_entrance] Published by Rush.,2026-09-12
Roald Amundsen High School,609695,Roald Amundsen High School,Amundsen High SHC,,Erie Family Health Centers,Erie Family Health Center,in_building,cps_school_id+cps_directory_address,"5110 N Damen Ave, Chicago, IL 60625",5110 N DAMEN AVE,60625,LINCOLN SQUARE,40,41.974625,-87.680317,true,true,true,BPS-H80-010610,Erie Amundsen School Based Health Center,ERIE FAMILY HEALTH CENTER,School,Service Delivery Site,Active,N,Open to Enrolled Students at the School,false,"Monday, Tuesday, Thursday, Friday, 8:00am-4:30pm Wednesday 10am-4:30pm",312-432-2000,hrsa_site,Overcrowded,1.47,0,,cps_health_centers_sheet@2026-09-11+cps_schools_geojson_2025@2026-09-11+hrsa_il_school_setting@2026-09-11+idph_shc_certified@2026-09-11,Erie Family Health Centers,,,60625,312-666-3494,,,,,,operating,,"Mon, Tue, Thu, Fri: 8:00am-4:30pm; Wed: 10:00am-4:30pm",,,,,medium,hours_split(high) operational_status(high) phone(medium) sponsor(high) zip(high),https://www.eriefamilyhealth.org/locations/ | https://www.eriefamilyhealth.org/locations/amundsen/,[sponsor] Operator uses the plural form; IDPH and HRSA carry the older singular. [zip] IDPH's ZIP+4 suffix is duplicated from the Hibbard entry; treat as a copy error. [phone] Erie routes all sites through central scheduling. CPS sheet's 312-432-2000 is not published anywhere current. [operational_status] Listed on the operator's current site. [hours_split] School-year medical schedule. No summer or dental schedule published.,2026-09-12
Roberto Clemente Community Academy High School,609759,Roberto Clemente Community Academy High School,Clemente SHC,,Erie Family Health Centers,Erie Family Health Center,in_building,cps_school_id+cps_directory_address,"1147 N Western Ave, Chicago, IL 60622",1147 N WESTERN AVE,60622,WEST TOWN,1,41.902489,-87.686151,true,true,true,BPS-H80-008136,Erie Clemente Wildcats Student Health Center,ERIE FAMILY HEALTH CENTER,School,Service Delivery Site,Active,N,Open to Enrolled Students at the School,false,Mon-Fri: 8:00am-4:00pm,312-432-7475,hrsa_site,Underutilized,0.35,0,,cps_health_centers_sheet@2026-09-11+cps_schools_geojson_2025@2026-09-11+hrsa_il_school_setting@2026-09-11+idph_shc_certified@2026-09-11,Erie Family Health Centers,,,,312-666-3494,"Mon, Tue, Thu, Fri: 8:00am-4:30pm; Wed: 10:00am-4:30pm",,,,,operating,,"Mon, Tue, Thu, Fri: 8:00am-4:30pm; Wed: 10:00am-4:30pm",,,,,medium,hours(high) hours_split(high) operational_status(high) phone(medium) sponsor(high),https://www.eriefamilyhealth.org/locations/ | https://www.eriefamilyhealth.org/locations/clemente/,[sponsor] Operator uses the plural form; IDPH and HRSA carry the older singular. [hours] CPS sheet misses the Wednesday late open and ends the day 30 min early. Erie publishes the same pattern at all five of its school sites. [phone] Both sheets carry a 312-432 direct line that Erie no longer publishes. [operational_status] Listed on the operator's current site. [hours_split] School-year medical schedule. No summer or dental schedule published.,2026-09-12
Roger C Sullivan High School,609733,Roger C Sullivan High School,Sullivan SHC,,Tapestry 360 Health,Heartland Health Center,in_building,cps_school_id+cps_directory_address,"6631 N Bosworth Ave, Chicago, IL 60626",6631 N BOSWORTH AVE,60626,ROGERS PARK,49,42.002811,-87.668935,true,true,true,BPS-H80-018538,Tapestry 360 Health - Sullivan,TAPESTRY 360 HEALTH,School,Service Delivery Site,Active,N,Open to Enrolled Students at the School,false,"Mon, Wed, Fri: 8:00 am-4:00 pm",312-517-2590,hrsa_site,Efficient,0.8,0,,cps_health_centers_sheet@2026-09-11+cps_schools_geojson_2025@2026-09-11+hrsa_il_school_setting@2026-09-11+idph_shc_certified@2026-09-11,Tapestry 360 Health,,,,312-517-2590,,,,,,operating,,"Mon, Wed, Fri: 8:00 am-4:00 pm",,,Room 100,,high,hours_split(carried) operational_status(high) phone(high) room_or_entrance(high) sponsor(high),https://tap360health.org/new-name-same-quality-care/ | https://blockclubchicago.org/2022/10/13/heartland-health-centers-renamed-tapestry-360-health-to-avoid-confusion-with-former-sister-agency/ | https://tap360health.org/location/,[sponsor] Heartland Health Centers rebranded as Tapestry 360 Health in Oct 2022. IDPH certified list still carries the pre-rename name. CPS sheet is correct. [phone] IDPH lists the same number for Kilmer and Sullivan; both are wrong. [operational_status] Listed on the operator's current site. [room_or_entrance] Published by Tapestry 360 Health.,2026-09-12
Simpson Academy HS for Young Women,609750,Simpson Academy HS for Young Women,Simpson SHC,,Rush University Medical Center,Rush University Medical Center,in_building,cps_school_id+cps_directory_address,"1321 S Paulina St, Chicago, IL 60608",1321 S PAULINA ST,60608,NEAR WEST SIDE,28,41.864365,-87.668722,true,true,false,,,,,,,,Open to CPS Students & Family Members Only,false,"Mon-Thur: 9:00am-3:30pm, Fri: 9:00am-1:00pm",773-534-7202,cps_school_building,,,0,,cps_health_centers_sheet@2026-09-11+cps_schools_geojson_2025@2026-09-11+idph_shc_certified@2026-09-11,,,,,,,Open to CPS students and their children; accessible to students from other CPS schools,,,,operating,,"Mon-Thur: 9:00am-3:30pm, Fri: 9:00am-1:00pm",,,Entrance immediately left of the main school door; separate community door,,high,access_text(high) hours_split(carried) operational_status(high) room_or_entrance(high),https://www.rush.edu/about-us/rush-community/office-community-health-equity-and-engagement/community-based-practices,"[access_text] Operator description is more specific than either sheet. [operational_status] Listed on the operator's current site. [room_or_entrance] Rush notes the community door is how students from other CPS schools reach the center, which is what makes this site all-CPS-accessible rather than enrolled-students-only.",2026-09-12
Stephen F Gale Elementary Community Academy,609933,Stephen F Gale Elementary Community Academy,Gale SHC,,Tapestry 360 Health,Heartland Health Center,in_building,cps_school_id+cps_directory_address,"1631 W Jonquil Terrace, Chicago, IL 60626",1631 W JONQUIL TER,60626,ROGERS PARK,49,42.020737,-87.671492,true,true,true,BPS-H80-024732,Tapestry 360 Health - Gale,TAPESTRY 360 HEALTH,School,Service Delivery Site,Active,N,Open to Enrolled Students at the School,false,"Tue, Wed, Fri: 8:00 am-4:00 pm",773-366-7710,hrsa_site,Underutilized,0.32,0,,cps_health_centers_sheet@2026-09-11+cps_schools_geojson_2025@2026-09-11+hrsa_il_school_setting@2026-09-11+idph_shc_certified@2026-09-11,Tapestry 360 Health,,,,773-366-7710,,,,,,operating,,"Tue, Wed, Fri: 8:00 am-4:00 pm",,,Room 107,,high,hours_split(carried) operational_status(high) phone(high) room_or_entrance(high) sponsor(high),https://tap360health.org/new-name-same-quality-care/ | https://blockclubchicago.org/2022/10/13/heartland-health-centers-renamed-tapestry-360-health-to-avoid-confusion-with-former-sister-agency/ | https://tap360health.org/location/,[sponsor] Heartland Health Centers rebranded as Tapestry 360 Health in Oct 2022. IDPH certified list still carries the pre-rename name. CPS sheet is correct. [phone] IDPH has two digits transposed. [operational_status] Listed on the operator's current site. [room_or_entrance] Published by Tapestry 360 Health.,2026-09-12
Theodore Roosevelt High School,609728,Theodore Roosevelt High School,Roosevelt SHC,,Tapestry 360 Health,Heartland Health Center,in_building,cps_school_id+cps_directory_address,"3436 W Wilson Ave, Chicago, IL 60625",3436 W WILSON AVE,60625,ALBANY PARK,33,41.965021,-87.715175,true,true,true,BPS-H80-002243,Tapestry 360 Health - Roosevelt High School,TAPESTRY 360 HEALTH,School,Service Delivery Site,Active,N,Open to Enrolled Students at the School,false,"Mon, Tue, Thur: 8:00am-4:00pm
Thur: 8:00am-4:00pm",872-268-7545,hrsa_site,Efficient,0.78,0,,cps_health_centers_sheet@2026-09-11+cps_schools_geojson_2025@2026-09-11+hrsa_il_school_setting@2026-09-11+idph_shc_certified@2026-09-11,Tapestry 360 Health,,,,872-268-7545,"Mon, Tue, Thu: 8:00am-4:00pm",,,,,operating,,"Mon, Tue, Thu: 8:00am-4:00pm",,,Room 166,,low,hours(low) hours_split(high) operational_status(high) phone(high) room_or_entrance(high) sponsor(high),https://tap360health.org/new-name-same-quality-care/ | https://blockclubchicago.org/2022/10/13/heartland-health-centers-renamed-tapestry-360-health-to-avoid-confusion-with-former-sister-agency/ | https://tap360health.org/location/,"[sponsor] Heartland Health Centers rebranded as Tapestry 360 Health in Oct 2022. IDPH certified list still carries the pre-rename name. CPS sheet is correct. [hours] The CPS field repeats Thursday; the duplicate line is redundant, not a second schedule. Deduplicated, but day coverage is unverified against the operator. [phone] IDPH number is stale. [operational_status] Listed on the operator's current site. [hours_split] School-year medical schedule. No summer or dental schedule published. [room_or_entrance] Published by Tapestry 360 Health.",2026-09-12
Uplift Community High School,610394,Uplift Community High School,Uplift SHC,,,Heartland Health Center,in_building,address_identity,"900 W. Wilson Ave., Chicago, IL 60640",900 W WILSON AVE,60640,UPTOWN,46,41.965547,-87.652473,true,false,false,,,,,,,,,,,773-534-2850,cps_school_building,Underutilized,0.18,0,,cps_schools_geojson_2025@2026-09-11+idph_shc_certified@2026-09-11,,,,,,,,,closed,,closed,2024-04-01,,,,,,high,operational_status(high) operational_status(high),https://340bopais.hrsa.gov/cedetails/21948 | https://tap360health.org/location/ | https://tap360health.org/medical-specialties/student-health/,[operational_status] 340B termination reason: 'Business decision by the Covered Entity'. Absent from Tapestry 360's six-site student-health list. IDPH certified list is stale here. [operational_status] 340B site BPS-H80-010055 terminated; reason 'Business decision by the Covered Entity'. Absent from Tapestry 360's six-site student-health list.,2026-09-12
Wendell Phillips Academy High School,609727,Wendell Phillips Academy High School,Phillips SHC,,Rush University Medical Center,Mercy Hospital and Medical Center,in_building,cps_school_id+cps_directory_address,"244 E Pershing Rd, Chicago, IL 60653",244 E PERSHING RD,60653,DOUGLAS,3,41.82388,-87.619796,true,true,false,,,,,,,,Open to Enrolled Students at the School,false,"Mon-Thu 9:00am-3:00pm, Fri 9:00am-1:00pm",773-535-1837,cps_school_building,Underutilized,0.25,0,,cps_health_centers_sheet@2026-09-11+cps_schools_geojson_2025@2026-09-11+idph_shc_certified@2026-09-11,Rush University Medical Center,,,,773-535-1837,,,,,,operating,,"Mon-Thu 9:00am-3:00pm, Fri 9:00am-1:00pm",,,Lower Level,,high,hours_split(carried) operational_status(high) phone(high) room_or_entrance(high) sponsor(high),https://www.rush.edu/about-us/rush-community/office-community-health-equity-and-engagement/community-based-practices,[sponsor] Rush lists 'Rush Health Center at Wendell Phillips Academy High School' among its five SBHCs and publishes the same phone CPS carries. IDPH's Mercy attribution is stale. [phone] IDPH number is stale. [operational_status] Listed on the operator's current site. [room_or_entrance] Published by Rush.,2026-09-12
William C Reavis Math & Science Specialty ES,610143,William C Reavis Math & Science Specialty ES,Reavis SHC,,,Near North/Komed-Homan Health Center,in_building,address_identity,"834 E. 50th St., Chicago, IL 60615",834 E 50TH ST,60615,KENWOOD,4,41.804174,-87.604925,true,false,false,,,,,,,,,,,773-358-6767,cps_school_building,Underutilized,0.38,0,,cps_schools_geojson_2025@2026-09-11+idph_shc_certified@2026-09-11,Near North Health,,,,,,,,closed_or_consolidated,,closed_or_consolidated,,,,,,,unresolved,hours(unresolved) hours_split(unresolved) operational_status(medium) operational_status(medium) sponsor(high),https://nearnorthhealth.org/locations/ | https://www.boardportal.nearnorthhealth.org/reavis-school-based-health-center- | https://data.cityofchicago.org/api/views/cjg8-dbka/rows.csv?accessType=DOWNLOAD,"[operational_status] Near North Health's locations page (modified 2026-09-11) lists only Winfield Moody, North Kostner, Oakwood Shores, Komed Holman (select services) and Gage Park WIC; the former Reavis page URL now resolves to that page, which announces consolidation into three locations. Absence of evidence, not a closure notice. [sponsor] IDPH conflates two separate Near North sites; Komed Holman Health Center is a distinct site at 4259 S Berkeley Ave. Sponsor is Near North Health (formerly Near North Health Service Corporation). Sponsor recorded for completeness; the site itself appears closed. [hours] Historical hours recorded for reference only. Not asserted, because the site appears to have closed or been consolidated. [operational_status] Absent from Near North Health's locations page (modified 2026-09-11); the former Reavis page URL now resolves to that page, which announces consolidation into three locations. No dated closure record found, so closed_on is left empty. [hours_split] Site appears closed; historical value (Mon-Fri 8:00am-5:00pm) is recorded in the discrepancy table for reference only and is not asserted here.",2026-09-12
William G Hibbard Elementary School,609994,William G Hibbard Elementary School,Hibbard SHC,,Tapestry 360 Health,Heartland Health Center,in_building,cps_school_id+school_name,"3244 W Ainslie St, Chicago, IL 60625",3244 W AINSLIE ST,60625,ALBANY PARK,33,41.97085,-87.710382,true,true,true,BPS-H80-008675,Tapestry 360 Health - Hibbard,TAPESTRY 360 HEALTH,School,Service Delivery Site,Active,N,Open to Enrolled Students at School and Tapestry 360 Health Patients (Dental),false,"Mon, Wed, Thur: 8:00am-4:00pm 
Mon: 8:00am-2:30pm, Wed:8:00am-2:00pm",773-336-6100,hrsa_site,Efficient,0.73,0,,cps_health_centers_sheet@2026-09-11+cps_schools_geojson_2025@2026-09-11+hrsa_il_school_setting@2026-09-11+idph_shc_certified@2026-09-11,Tapestry 360 Health,,3244 W Ainslie St,,,,,,,,operating,,"Mon, Wed, Thu: 8:00am-4:00pm",,Mon: 8:00am-2:30pm; Wed: 8:00am-2:00pm,,,unresolved,hours(unresolved) hours_split(medium) operational_status(high) site_address(high) sponsor(high),https://tap360health.org/new-name-same-quality-care/ | https://blockclubchicago.org/2022/10/13/heartland-health-centers-renamed-tapestry-360-health-to-avoid-confusion-with-former-sister-agency/ | https://tap360health.org/location/ | https://data.cityofchicago.org/api/views/cjg8-dbka/rows.csv?accessType=DOWNLOAD,"[sponsor] Heartland Health Centers rebranded as Tapestry 360 Health in Oct 2022. IDPH certified list still carries the pre-rename name. CPS sheet is correct. [site_address] IDPH misspells Ainslie and carries Amundsen's ZIP+4 (60625-1397). CDPH's 4930 N Sawyer Ave is the same building's corner frontage; the operator publishes the Ainslie address. [hours] NOT RESOLVED. The CPS field holds two overlapping schedules. The sheet's access note mentions dental, so these are most likely separate medical and dental schedules that were concatenated. Needs to be split into two fields, not merged. [operational_status] Listed on the operator's current site. [hours_split] The single CPS hours cell held two concatenated schedules. Splitting them is supported by the sheet's own access note - 'Open to Enrolled Students at School and Tapestry 360 Health Patients (Dental)' - which is the only site in either sheet that names dental. Tapestry publishes no hours for this site, so the medical/dental attribution is inferred from the access note and should be confirmed by phone.",2026-09-12
Wilma Rudolph Elementary Learning Center,610308,Wilma Rudolph Elementary Learning Center,Hope Health & Wellness SHC,,,"Board of Trustees, U of I at Chicago",in_building,address_identity,"1628 W. Washington Blvd., Chicago, IL 60612",1628 W WASHINGTON BLVD,60612,NEAR WEST SIDE,27,41.883907,-87.668091,true,false,false,,,,,,,,,,,312-226-3288,cps_school_building,,,0,,cps_schools_geojson_2025@2026-09-11+idph_shc_certified@2026-09-11,,,,,,,,Hope Institute Learning Academy,closed,,closed,2024-04-01,,,,,,high,operational_status(high) operational_status(high) school_name(high),https://340bopais.hrsa.gov/cedetails/27228 | https://hospital.uillinois.edu/mile-square-health-center/locations/school-based-clinics | https://live.today.uic.edu/grand-opening-of-ui-healths-auburn-gresham-health-center/,"[operational_status] 340B termination reason: 'Site closure'. Mile Square's current school-based list has four sites (Davis, Drake, Englewood STEM, NTA) and does not include this one. [school_name] MISMATCH in sbhc.csv: 1628 W Washington Blvd is Hope Institute Learning Academy. UIC's own announcement lists 'Hope Institute Learning Academy, 1628 W. Washington Blvd.' as the Mile Square site. The address_identity join attached it to Rudolph. [operational_status] 340B site BPS-H80-010036 terminated; reason 'Site closure'. Absent from Mile Square's current four-site school-based list. Row also carries a bad school match.",2026-09-12
