sid,school_year,grade_category,enrollment_profile,enrollment_20th_day,enrollment_utilization,homerooms,ideal_capacity,adj_ideal_capacity,su_pct,cps_status,classrooms_supply,classrooms_modular,classrooms_leased,classrooms_demand,source
400044,SY2026,ES,766,358,358,14,420,392,0.91,Efficient,20,0,0,19,cps_space_utilization_sy2026@2026-09-09
400052,SY2026,ES,1132,245,245,13,364,364,0.67,Underutilized,17,0,0,17,cps_space_utilization_sy2026@2026-09-09
400076,SY2026,ES,309,303,303,11,336,308,0.98,Efficient,16,0,0,15,cps_space_utilization_sy2026@2026-09-09
400096,SY2026,ES,470,313,313,20,616,560,0.56,Underutilized,29.5,0,0,27,cps_space_utilization_sy2026@2026-09-09
400105,SY2026,HS,,114,114,21.6,768,648,0.18,Underutilized,32,0,0,27,cps_space_utilization_sy2026@2026-09-09
400107,SY2026,ES,403,390,390,,,,,,,,,,cps_space_utilization_sy2026@2026-09-09
400146,SY2026,ES,650,357,357,14,448,392,0.91,Efficient,21.5,0,0,19,cps_space_utilization_sy2026@2026-09-09
400156,SY2026,HS,732,734,734,18.4,600,552,1.33,Overcrowded,25,0,0,23,cps_space_utilization_sy2026@2026-09-09
400157,SY2026,HS,441,285,285,,,,,,,,,,cps_space_utilization_sy2026@2026-09-09
400180,SY2026,ES,952,1020,1020,,,,,,,,,,cps_space_utilization_sy2026@2026-09-09
609674,SY2026,HS,467,590,519,79.2,2748,2376,0.22,Underutilized,114.5,0,0,99,cps_space_utilization_sy2026@2026-09-09
609676,SY2026,HS,301,314,303,54.4,1836,1632,0.19,Underutilized,76.5,0,0,68,cps_space_utilization_sy2026@2026-09-09
609678,SY2026,HS,1888,1914,1864,57.6,1896,1728,1.08,Efficient,79,0,0,72,cps_space_utilization_sy2026@2026-09-09
609679,SY2026,HS,1151,1190,1159,32.8,1176,984,1.18,Overcrowded,49,0.5,0,41,cps_space_utilization_sy2026@2026-09-09
609680,SY2026,HS,1252,1261,1242,36,1212,1080,1.15,Overcrowded,50.5,0,0,45,cps_space_utilization_sy2026@2026-09-09
609682,SY2026,HS,265,296,296,20.8,792,624,0.47,Underutilized,33,0,0,26,cps_space_utilization_sy2026@2026-09-09
609691,SY2026,HS,931,926,880,36,1224,1080,0.81,Efficient,51,0,0,45,cps_space_utilization_sy2026@2026-09-09
609692,SY2026,HS,1337,1090,1043,47.2,1524,1416,0.74,Efficient,63.5,0,0,59,cps_space_utilization_sy2026@2026-09-09
609693,SY2026,HS,1247,1202,1156,37.6,1224,1128,1.02,Efficient,51,0,0,47,cps_space_utilization_sy2026@2026-09-09
609694,SY2026,HS,1068,1049,1036,41.6,1284,1248,0.83,Efficient,53.5,0,0,52,cps_space_utilization_sy2026@2026-09-09
609695,SY2026,HS,1449,1441,1419,34.4,1140,1032,1.38,Overcrowded,47.5,0,0,43,cps_space_utilization_sy2026@2026-09-09
609698,SY2026,HS,465,532,496,40,1428,1200,0.41,Underutilized,59.5,0.5,0,50,cps_space_utilization_sy2026@2026-09-09
609704,SY2026,HS,354,412,385,64.8,2292,1944,0.2,Underutilized,95.5,1,0,81,cps_space_utilization_sy2026@2026-09-09
609705,SY2026,HS,124,167,166,42.4,1452,1272,0.13,Underutilized,60.5,0,0,53,cps_space_utilization_sy2026@2026-09-09
609708,SY2026,HS,423,503,482,34.4,1188,1032,0.47,Underutilized,49.5,0,0,43,cps_space_utilization_sy2026@2026-09-09
609709,SY2026,HS,249,301,288,30.4,1092,912,0.32,Underutilized,45.5,0,0,38,cps_space_utilization_sy2026@2026-09-09
609710,SY2026,HS,109,166,161,32.8,1152,984,0.16,Underutilized,48,0,0,41,cps_space_utilization_sy2026@2026-09-09
609712,SY2026,HS,60,77,77,31.2,1104,936,0.08,Underutilized,46,0,0,39,cps_space_utilization_sy2026@2026-09-09
609713,SY2026,HS,579,786,765,59.2,2040,1776,0.43,Underutilized,85,0,0,74,cps_space_utilization_sy2026@2026-09-09
609715,SY2026,HS,1266,1502,1488,44.8,1752,1344,1.11,Overcrowded,73,0,0,56,cps_space_utilization_sy2026@2026-09-09
609716,SY2026,HS,495,510,510,27.2,1080,816,0.63,Underutilized,45,0,0,34,cps_space_utilization_sy2026@2026-09-09
609718,SY2026,HS,1268,1457,1396,32,1260,960,1.45,Overcrowded,52.5,0,0,40,cps_space_utilization_sy2026@2026-09-09
609719,SY2026,HS,1225,1345,1345,45.6,1512,1368,0.98,Efficient,63,0,0,57,cps_space_utilization_sy2026@2026-09-09
609720,SY2026,HS,4527,4530,4467,127.2,4068,3816,1.17,Overcrowded,169.5,0,0,159,cps_space_utilization_sy2026@2026-09-09
609722,SY2026,HS,89,117,117,36.8,1368,1104,0.11,Underutilized,57,0,0,46,cps_space_utilization_sy2026@2026-09-09
609723,SY2026,HS,213,228,228,40.8,1512,1224,0.19,Underutilized,63,0,0,51,cps_space_utilization_sy2026@2026-09-09
609724,SY2026,HS,1500,1662,1662,44.8,1428,1344,1.24,Overcrowded,59.5,0.5,0,56,cps_space_utilization_sy2026@2026-09-09
609725,SY2026,HS,1246,1199,1175,46.4,1728,1392,0.84,Efficient,72,0.5,0,58,cps_space_utilization_sy2026@2026-09-09
609726,SY2026,HS,995,998,959,32,1032,960,1,Efficient,43,0,0,40,cps_space_utilization_sy2026@2026-09-09
609727,SY2026,HS,266,353,353,52,1764,1560,0.23,Underutilized,73.5,0,0,65,cps_space_utilization_sy2026@2026-09-09
609728,SY2026,HS,791,881,860,45.6,1476,1368,0.63,Underutilized,61.5,0,0,57,cps_space_utilization_sy2026@2026-09-09
609729,SY2026,HS,1027,1022,976,83.2,2736,2496,0.39,Underutilized,114,0,0,104,cps_space_utilization_sy2026@2026-09-09
609730,SY2026,HS,1313,1418,1418,72,2424,2160,0.66,Underutilized,101,0,0,90,cps_space_utilization_sy2026@2026-09-09
609732,SY2026,HS,747,891,891,53.6,1644,1608,0.55,Underutilized,68.5,12,0,67,cps_space_utilization_sy2026@2026-09-09
609733,SY2026,HS,492,594,560,30.4,1092,912,0.61,Underutilized,45.5,0,0,38,cps_space_utilization_sy2026@2026-09-09
609734,SY2026,HS,4077,4197,4186,114.4,3660,3432,1.22,Overcrowded,152.5,0,0,143,cps_space_utilization_sy2026@2026-09-09
609735,SY2026,HS,181,224,204,52.8,2016,1584,0.13,Underutilized,84,0,0,66,cps_space_utilization_sy2026@2026-09-09
609737,SY2026,HS,1716,1741,1717,37.6,1284,1128,1.52,Overcrowded,53.5,0,0,47,cps_space_utilization_sy2026@2026-09-09
609738,SY2026,HS,2104,2136,2113,66.4,2148,1992,1.06,Efficient,89.5,0,0,83,cps_space_utilization_sy2026@2026-09-09
609739,SY2026,HS,1297,1348,1327,44,1332,1320,1.01,Efficient,55.5,4,0,55,cps_space_utilization_sy2026@2026-09-09
609740,SY2026,HS,218,278,278,27.2,1404,816,0.34,Underutilized,58.5,0,0,34,cps_space_utilization_sy2026@2026-09-09
609741,SY2026,HS,1400,1504,1504,40.8,1320,1224,1.23,Overcrowded,55,0,0,51,cps_space_utilization_sy2026@2026-09-09
609746,SY2026,HS,2317,2172,2149,62.4,2028,1872,1.15,Overcrowded,84.5,0,0,78,cps_space_utilization_sy2026@2026-09-09
609749,SY2026,HS,1051,1083,1064,33.6,1056,1008,1.06,Efficient,44,0,0,42,cps_space_utilization_sy2026@2026-09-09
609751,SY2026,HS,999,866,823,44.8,1512,1344,0.61,Underutilized,63,0,0,56,cps_space_utilization_sy2026@2026-09-09
609753,SY2026,HS,749,760,685,30.4,1152,912,0.75,Efficient,48,0,0,38,cps_space_utilization_sy2026@2026-09-09
609754,SY2026,HS,203,205,205,15.2,588,456,0.45,Underutilized,24.5,0,0,19,cps_space_utilization_sy2026@2026-09-09
609755,SY2026,HS,2158,2201,2119,54.4,2124,1632,1.3,Overcrowded,88.5,0,0,68,cps_space_utilization_sy2026@2026-09-09
609756,SY2026,HS,2727,2826,2810,79.2,2628,2376,1.18,Overcrowded,109.5,0,0,99,cps_space_utilization_sy2026@2026-09-09
609759,SY2026,HS,409,491,471,65.6,2832,1968,0.24,Underutilized,118,0,0,82,cps_space_utilization_sy2026@2026-09-09
609760,SY2026,HS,378,415,415,40.8,1308,1224,0.34,Underutilized,54.5,0,0,51,cps_space_utilization_sy2026@2026-09-09
609761,SY2026,HS,330,331,320,27.2,1008,816,0.39,Underutilized,42,0,0,34,cps_space_utilization_sy2026@2026-09-09
609762,SY2026,HS,385,382,370,44,1608,1320,0.28,Underutilized,67,0,0,55,cps_space_utilization_sy2026@2026-09-09
609764,SY2026,HS,1426,1422,1422,48,1692,1440,0.99,Efficient,70.5,0.5,0,60,cps_space_utilization_sy2026@2026-09-09
609772,SY2026,ES,491,518,455,19,448,532,0.86,Efficient,22,10,0,25,cps_space_utilization_sy2026@2026-09-09
609773,SY2026,ES,287,283,263,15,560,420,0.63,Underutilized,26.5,0,0,20,cps_space_utilization_sy2026@2026-09-09
609774,SY2026,ES,555,569,475,24,840,672,0.71,Efficient,39,0,0,32,cps_space_utilization_sy2026@2026-09-09
609777,SY2026,ES,235,229,205,15,532,420,0.49,Underutilized,25,0,0,20,cps_space_utilization_sy2026@2026-09-09
609779,SY2026,ES,1293,1375,1279,36,1232,1008,1.27,Overcrowded,58,0,0,48,cps_space_utilization_sy2026@2026-09-09
609780,SY2026,HS,424,475,475,35.2,1104,1056,0.45,Underutilized,46,0,0,44,cps_space_utilization_sy2026@2026-09-09
609782,SY2026,ES,624,591,418,18,700,504,0.83,Efficient,33.5,0,0,24,cps_space_utilization_sy2026@2026-09-09
609786,SY2026,ES,233,208,197,20,728,560,0.35,Underutilized,34,0,0,26,cps_space_utilization_sy2026@2026-09-09
609788,SY2026,ES,243,250,233,10,364,280,0.83,Efficient,17.5,0,0,14,cps_space_utilization_sy2026@2026-09-09
609789,SY2026,ES,424,417,377,20,644,560,0.67,Underutilized,30.5,0,0,26,cps_space_utilization_sy2026@2026-09-09
609790,SY2026,ES,352,411,336,21,784,588,0.57,Underutilized,37.5,0,0,28,cps_space_utilization_sy2026@2026-09-09
609791,SY2026,ES,266,248,209,21,728,588,0.36,Underutilized,34.5,0,0,28,cps_space_utilization_sy2026@2026-09-09
609792,SY2026,ES,830,856,760,33,1064,924,0.82,Efficient,50.5,0,0,43,cps_space_utilization_sy2026@2026-09-09
609793,SY2026,ES,418,490,446,24,868,672,0.66,Underutilized,41.5,0,0,32,cps_space_utilization_sy2026@2026-09-09
609794,SY2026,ES,264,265,265,,,,,,,,,,cps_space_utilization_sy2026@2026-09-09
609795,SY2026,ES,118,123,115,11,364,308,0.37,Underutilized,17.5,0,0,15,cps_space_utilization_sy2026@2026-09-09
609796,SY2026,ES,1022,1014,969,29,1008,812,1.19,Overcrowded,47,0,0,38,cps_space_utilization_sy2026@2026-09-09
609797,SY2026,ES,212,211,197,22,728,616,0.32,Underutilized,34.5,0,0,29,cps_space_utilization_sy2026@2026-09-09
609798,SY2026,ES,594,603,563,16,588,448,1.26,Overcrowded,28.5,0,0,22,cps_space_utilization_sy2026@2026-09-09
609799,SY2026,ES,913,923,892,23,924,644,1.39,Overcrowded,43,0,0,30,cps_space_utilization_sy2026@2026-09-09
609800,SY2026,ES,284,302,270,14,504,392,0.69,Underutilized,24,0,0,19,cps_space_utilization_sy2026@2026-09-09
609803,SY2026,ES,644,633,554,24,812,672,0.82,Efficient,38,0,0,32,cps_space_utilization_sy2026@2026-09-09
609804,SY2026,ES,753,769,706,26,840,728,0.97,Efficient,40,0,0,34,cps_space_utilization_sy2026@2026-09-09
609805,SY2026,ES,265,273,253,17,644,476,0.53,Underutilized,30.5,0,0,23,cps_space_utilization_sy2026@2026-09-09
609806,SY2026,ES,423,476,456,26,812,728,0.63,Underutilized,38,0,0,34,cps_space_utilization_sy2026@2026-09-09
609807,SY2026,ES,410,413,361,18,644,504,0.72,Efficient,30.5,0,0,24,cps_space_utilization_sy2026@2026-09-09
609808,SY2026,ES,454,434,378,24,840,672,0.56,Underutilized,39.5,0,0,32,cps_space_utilization_sy2026@2026-09-09
609809,SY2026,ES,787,762,692,28,924,784,0.88,Efficient,44,0,0,37,cps_space_utilization_sy2026@2026-09-09
609810,SY2026,ES,1021,1058,956,40,448,1120,0.85,Efficient,22,12,23,52,cps_space_utilization_sy2026@2026-09-09
609811,SY2026,ES,192,242,181,15,672,420,0.43,Underutilized,31.5,0,0,20,cps_space_utilization_sy2026@2026-09-09
609812,SY2026,ES,226,236,179,18,756,504,0.36,Underutilized,36,0,0,24,cps_space_utilization_sy2026@2026-09-09
609813,SY2026,ES,96,132,125,11,420,308,0.41,Underutilized,20,0,0,15,cps_space_utilization_sy2026@2026-09-09
609815,SY2026,ES,627,686,601,30,1064,840,0.72,Efficient,49.5,0,0,40,cps_space_utilization_sy2026@2026-09-09
609817,SY2026,ES,748,742,630,24,868,672,0.94,Efficient,40.5,0,0,32,cps_space_utilization_sy2026@2026-09-09
609818,SY2026,ES,642,649,546,31,1120,868,0.63,Underutilized,53,0,0,41,cps_space_utilization_sy2026@2026-09-09
609819,SY2026,ES,283,282,247,18,672,504,0.49,Underutilized,32,0,0,24,cps_space_utilization_sy2026@2026-09-09
609820,SY2026,ES,507,494,494,19,560,532,0.93,Efficient,26.5,0,0,25,cps_space_utilization_sy2026@2026-09-09
609821,SY2026,ES,379,372,340,20,672,560,0.61,Underutilized,32,0,0,27,cps_space_utilization_sy2026@2026-09-09
609827,SY2026,ES,261,238,193,21,812,588,0.33,Underutilized,38,0,0,28,cps_space_utilization_sy2026@2026-09-09
609828,SY2026,ES,456,458,458,13,392,364,1.26,Overcrowded,19,0,0,18,cps_space_utilization_sy2026@2026-09-09
609829,SY2026,ES,285,285,269,10,308,280,0.96,Efficient,15,2,0,13,cps_space_utilization_sy2026@2026-09-09
609830,SY2026,ES,464,486,368,20,812,560,0.66,Underutilized,38.5,0,0,26,cps_space_utilization_sy2026@2026-09-09
609832,SY2026,ES,595,624,586,26,840,728,0.8,Efficient,40,0,0,35,cps_space_utilization_sy2026@2026-09-09
609833,SY2026,ES,262,261,213,21,700,588,0.36,Underutilized,33,0,0,28,cps_space_utilization_sy2026@2026-09-09
609834,SY2026,ES,486,522,502,23,616,644,0.78,Efficient,29.5,4,0,31,cps_space_utilization_sy2026@2026-09-09
609835,SY2026,ES,571,644,609,30,1008,840,0.73,Efficient,47.5,0,0,40,cps_space_utilization_sy2026@2026-09-09
609836,SY2026,ES,788,818,727,30,896,840,0.87,Efficient,42.5,0,3,39,cps_space_utilization_sy2026@2026-09-09
609837,SY2026,ES,426,456,456,20,644,560,0.81,Efficient,30,0,0,27,cps_space_utilization_sy2026@2026-09-09
609839,SY2026,ES,397,443,367,18,728,504,0.73,Efficient,35,0,0,24,cps_space_utilization_sy2026@2026-09-09
609842,SY2026,ES,646,666,632,33,1092,924,0.68,Underutilized,51,0,0,44,cps_space_utilization_sy2026@2026-09-09
609844,SY2026,ES,238,269,251,23,728,644,0.39,Underutilized,34,0,0,30,cps_space_utilization_sy2026@2026-09-09
609845,SY2026,ES,401,428,397,21,644,588,0.68,Underutilized,31,0,0,28,cps_space_utilization_sy2026@2026-09-09
609848,SY2026,ES,238,231,208,13,504,364,0.57,Underutilized,24,0,0,18,cps_space_utilization_sy2026@2026-09-09
609849,SY2026,ES,375,373,365,14,280,392,0.93,Efficient,14,7,0,19,cps_space_utilization_sy2026@2026-09-09
609850,SY2026,ES,252,304,278,13,588,364,0.76,Efficient,27.5,0,0,18,cps_space_utilization_sy2026@2026-09-09
609851,SY2026,ES,208,205,176,20,644,560,0.31,Underutilized,30,0,0,26,cps_space_utilization_sy2026@2026-09-09
609852,SY2026,ES,573,590,518,20,672,560,0.93,Efficient,32,0,0,26,cps_space_utilization_sy2026@2026-09-09
609853,SY2026,ES,456,445,307,19,784,532,0.58,Underutilized,36.5,0,0,25,cps_space_utilization_sy2026@2026-09-09
609854,SY2026,ES,270,283,236,16,644,448,0.53,Underutilized,30,0,0,21,cps_space_utilization_sy2026@2026-09-09
609855,SY2026,ES,284,306,153,6,420,168,0.91,Efficient,20,4,0,9,cps_space_utilization_sy2026@2026-09-09
609856,SY2026,ES,534,555,488,23,756,644,0.76,Efficient,36,0,0,31,cps_space_utilization_sy2026@2026-09-09
609857,SY2026,ES,475,484,378,16,588,448,0.84,Efficient,28.5,2,0,21,cps_space_utilization_sy2026@2026-09-09
609859,SY2026,ES,1003,1059,1020,34,1064,952,1.07,Efficient,49.5,0,0,45,cps_space_utilization_sy2026@2026-09-09
609861,SY2026,ES,496,471,373,16,588,448,0.83,Efficient,28,4,0,22,cps_space_utilization_sy2026@2026-09-09
609862,SY2026,ES,252,257,223,17,672,476,0.47,Underutilized,31.5,0,0,23,cps_space_utilization_sy2026@2026-09-09
609863,SY2026,ES,179,230,210,7,252,196,1.07,Efficient,12.5,0,0,10,cps_space_utilization_sy2026@2026-09-09
609864,SY2026,ES,298,326,306,26,896,728,0.42,Underutilized,42,0,0,34,cps_space_utilization_sy2026@2026-09-09
609865,SY2026,ES,514,575,484,17,644,476,1.02,Efficient,30,0,0,23,cps_space_utilization_sy2026@2026-09-09
609866,SY2026,ES,726,729,696,26,840,728,0.96,Efficient,39,0,0,34,cps_space_utilization_sy2026@2026-09-09
609867,SY2026,ES,362,391,341,32,1064,896,0.38,Underutilized,50,0,0,42,cps_space_utilization_sy2026@2026-09-09
609869,SY2026,ES,195,177,166,15,532,420,0.4,Underutilized,25,0,0,20,cps_space_utilization_sy2026@2026-09-09
609870,SY2026,ES,382,416,366,20,728,560,0.65,Underutilized,34,0,0,27,cps_space_utilization_sy2026@2026-09-09
609872,SY2026,ES,266,287,267,26,924,728,0.37,Underutilized,44,0,0,34,cps_space_utilization_sy2026@2026-09-09
609873,SY2026,ES,77,100,100,20,700,560,0.18,Underutilized,32.5,0,0,27,cps_space_utilization_sy2026@2026-09-09
609874,SY2026,ES,1136,1213,1084,33,1120,924,1.17,Overcrowded,52,0,0,43,cps_space_utilization_sy2026@2026-09-09
609875,SY2026,ES,538,523,407,24,924,672,0.61,Underutilized,44,0,0,32,cps_space_utilization_sy2026@2026-09-09
609876,SY2026,ES,442,492,426,25,980,700,0.61,Underutilized,46.5,0,0,33,cps_space_utilization_sy2026@2026-09-09
609879,SY2026,ES,859,904,805,33,756,924,0.87,Efficient,35.5,16,0,44,cps_space_utilization_sy2026@2026-09-09
609880,SY2026,ES,339,334,334,13,364,364,0.92,Efficient,17,0,0,17,cps_space_utilization_sy2026@2026-09-09
609883,SY2026,ES,399,444,387,22,728,616,0.63,Underutilized,34.5,0,0,29,cps_space_utilization_sy2026@2026-09-09
609884,SY2026,ES,650,705,628,24,840,672,0.93,Efficient,39,0,0,32,cps_space_utilization_sy2026@2026-09-09
609885,SY2026,ES,249,291,244,14,560,392,0.62,Underutilized,27,0,0,19,cps_space_utilization_sy2026@2026-09-09
609887,SY2026,ES,400,407,389,18,616,504,0.77,Efficient,29,0,0,24,cps_space_utilization_sy2026@2026-09-09
609891,SY2026,ES,218,240,225,23,812,644,0.35,Underutilized,38,0,0,31,cps_space_utilization_sy2026@2026-09-09
609893,SY2026,ES,786,758,636,42,1400,1176,0.54,Underutilized,66,0,0,55,cps_space_utilization_sy2026@2026-09-09
609894,SY2026,ES,271,309,277,29,1092,812,0.34,Underutilized,51,0,0,38,cps_space_utilization_sy2026@2026-09-09
609895,SY2026,ES,211,213,200,13,420,364,0.55,Underutilized,20.5,0,0,17,cps_space_utilization_sy2026@2026-09-09
609896,SY2026,ES,332,347,278,10,420,280,0.99,Efficient,20,0,0,14,cps_space_utilization_sy2026@2026-09-09
609897,SY2026,ES,278,290,255,19,644,532,0.48,Underutilized,30.5,0,0,25,cps_space_utilization_sy2026@2026-09-09
609898,SY2026,ES,892,939,883,45,1372,1260,0.7,Efficient,64.5,2.5,0,59,cps_space_utilization_sy2026@2026-09-09
609899,SY2026,ES,650,685,685,25,728,700,0.98,Efficient,34.5,0,0,33,cps_space_utilization_sy2026@2026-09-09
609900,SY2026,ES,264,291,275,23,840,644,0.43,Underutilized,39.5,0,0,31,cps_space_utilization_sy2026@2026-09-09
609901,SY2026,ES,575,576,465,18,672,504,0.92,Efficient,32,0,0,24,cps_space_utilization_sy2026@2026-09-09
609902,SY2026,ES,320,353,336,27,812,756,0.44,Underutilized,38,4,0,36,cps_space_utilization_sy2026@2026-09-09
609903,SY2026,ES,1122,1220,1032,45,1540,1260,0.82,Efficient,72,0,0,59,cps_space_utilization_sy2026@2026-09-09
609904,SY2026,ES,494,514,412,22,868,616,0.67,Underutilized,41,0,0,29,cps_space_utilization_sy2026@2026-09-09
609907,SY2026,ES,264,286,260,20,700,560,0.46,Underutilized,33,0,0,27,cps_space_utilization_sy2026@2026-09-09
609908,SY2026,ES,211,232,217,13,392,364,0.6,Underutilized,19,0,0,17,cps_space_utilization_sy2026@2026-09-09
609909,SY2026,ES,87,103,87,11,280,308,0.28,Underutilized,14,6,0,15,cps_space_utilization_sy2026@2026-09-09
609910,SY2026,ES,913,884,808,35,1204,980,0.82,Efficient,56.5,0,0,46,cps_space_utilization_sy2026@2026-09-09
609912,SY2026,ES,467,483,384,14,476,392,0.98,Efficient,22.5,4,0,19,cps_space_utilization_sy2026@2026-09-09
609917,SY2026,ES,237,272,253,13,448,364,0.7,Efficient,21.5,0,0,17,cps_space_utilization_sy2026@2026-09-09
609918,SY2026,ES,124,138,138,18,644,504,0.27,Underutilized,31,0,0,24,cps_space_utilization_sy2026@2026-09-09
609919,SY2026,ES,313,357,325,24,840,672,0.48,Underutilized,39,0,0,32,cps_space_utilization_sy2026@2026-09-09
609920,SY2026,ES,360,375,344,19,644,532,0.65,Underutilized,30.5,0,0,25,cps_space_utilization_sy2026@2026-09-09
609921,SY2026,ES,190,198,191,7,336,196,0.97,Efficient,16,0,0,10,cps_space_utilization_sy2026@2026-09-09
609922,SY2026,ES,519,550,388,20,728,560,0.69,Underutilized,35,0,0,26,cps_space_utilization_sy2026@2026-09-09
609924,SY2026,ES,260,271,247,16,504,448,0.55,Underutilized,23.5,0,0,21,cps_space_utilization_sy2026@2026-09-09
609925,SY2026,ES,188,214,195,20,812,560,0.35,Underutilized,38.5,0,0,27,cps_space_utilization_sy2026@2026-09-09
609926,SY2026,ES,316,324,324,12,392,336,0.96,Efficient,18.5,0,0,16,cps_space_utilization_sy2026@2026-09-09
609927,SY2026,ES,339,367,274,16,700,448,0.61,Underutilized,33,0,0,21,cps_space_utilization_sy2026@2026-09-09
609928,SY2026,ES,245,297,282,20,700,560,0.5,Underutilized,32.5,0,0,26,cps_space_utilization_sy2026@2026-09-09
609929,SY2026,ES,334,313,271,26,952,728,0.37,Underutilized,44.5,0,0,34,cps_space_utilization_sy2026@2026-09-09
609930,SY2026,ES,437,429,325,16,756,448,0.73,Efficient,35.5,0,0,21,cps_space_utilization_sy2026@2026-09-09
609933,SY2026,ES,264,294,233,23,896,644,0.36,Underutilized,42,0,0,30,cps_space_utilization_sy2026@2026-09-09
609935,SY2026,ES,550,576,546,26,644,728,0.75,Efficient,30,8,0,35,cps_space_utilization_sy2026@2026-09-09
609937,SY2026,ES,710,734,734,22,644,616,1.19,Overcrowded,30.5,0,0,29,cps_space_utilization_sy2026@2026-09-09
609938,SY2026,ES,576,628,578,33,1176,924,0.63,Underutilized,55,0,0,44,cps_space_utilization_sy2026@2026-09-09
609939,SY2026,ES,287,288,231,25,868,700,0.33,Underutilized,41,0,0,33,cps_space_utilization_sy2026@2026-09-09
609941,SY2026,ES,286,311,277,21,728,588,0.47,Underutilized,34,0,0,28,cps_space_utilization_sy2026@2026-09-09
609942,SY2026,ES,710,716,641,21,756,588,1.09,Efficient,35.5,0,0,28,cps_space_utilization_sy2026@2026-09-09
609943,SY2026,ES,288,298,249,23,868,644,0.39,Underutilized,41,0,0,30,cps_space_utilization_sy2026@2026-09-09
609944,SY2026,ES,274,271,258,10,280,280,0.92,Efficient,13,2,0,13,cps_space_utilization_sy2026@2026-09-09
609945,SY2026,ES,467,485,437,26,840,728,0.6,Underutilized,39.5,0,0,34,cps_space_utilization_sy2026@2026-09-09
609947,SY2026,ES,283,331,300,28,952,784,0.38,Underutilized,44.5,0,0,37,cps_space_utilization_sy2026@2026-09-09
609949,SY2026,ES,986,994,934,31,924,868,1.08,Efficient,43,4,0,41,cps_space_utilization_sy2026@2026-09-09
609950,SY2026,ES,324,364,239,15,644,420,0.57,Underutilized,30,0,0,20,cps_space_utilization_sy2026@2026-09-09
609951,SY2026,ES,371,389,320,17,644,476,0.67,Underutilized,30,0,0,23,cps_space_utilization_sy2026@2026-09-09
609952,SY2026,ES,286,297,250,18,672,504,0.5,Underutilized,31.5,0,0,24,cps_space_utilization_sy2026@2026-09-09
609954,SY2026,ES,271,300,259,23,812,644,0.4,Underutilized,38,0,0,30,cps_space_utilization_sy2026@2026-09-09
609955,SY2026,ES,282,306,279,24,868,672,0.42,Underutilized,41,0,0,32,cps_space_utilization_sy2026@2026-09-09
609956,SY2026,ES,353,366,346,15,308,420,0.82,Efficient,14.5,8,0,20,cps_space_utilization_sy2026@2026-09-09
609958,SY2026,ES,669,669,632,23,728,644,0.98,Efficient,35,0,0,30,cps_space_utilization_sy2026@2026-09-09
609959,SY2026,ES,437,445,429,20,644,560,0.77,Efficient,30.5,0,0,27,cps_space_utilization_sy2026@2026-09-09
609960,SY2026,ES,742,756,737,28,868,784,0.94,Efficient,41.5,0,0,37,cps_space_utilization_sy2026@2026-09-09
609961,SY2026,ES,241,290,253,16,644,448,0.56,Underutilized,30,0,0,22,cps_space_utilization_sy2026@2026-09-09
609963,SY2026,ES,481,486,466,16,504,448,1.04,Efficient,24,0,0,22,cps_space_utilization_sy2026@2026-09-09
609964,SY2026,ES,522,554,452,18,756,504,0.9,Efficient,36,0,0,24,cps_space_utilization_sy2026@2026-09-09
609966,SY2026,ES,181,226,197,12,448,336,0.59,Underutilized,22,0,0,16,cps_space_utilization_sy2026@2026-09-09
609967,SY2026,ES,207,232,170,15,616,420,0.4,Underutilized,29,0,0,20,cps_space_utilization_sy2026@2026-09-09
609968,SY2026,ES,455,502,429,23,784,644,0.67,Underutilized,37,0,0,31,cps_space_utilization_sy2026@2026-09-09
609969,SY2026,ES,316,314,272,10,392,280,0.97,Efficient,18.5,0,0,14,cps_space_utilization_sy2026@2026-09-09
609971,SY2026,ES,281,332,285,14,560,392,0.73,Efficient,26,0,0,19,cps_space_utilization_sy2026@2026-09-09
609972,SY2026,ES,979,1086,933,33,1204,924,1.01,Efficient,56,0,0,44,cps_space_utilization_sy2026@2026-09-09
609973,SY2026,ES,469,477,422,28,980,784,0.54,Underutilized,46,0,0,37,cps_space_utilization_sy2026@2026-09-09
609974,SY2026,ES,681,646,646,23,644,644,1,Efficient,30,0,0,30,cps_space_utilization_sy2026@2026-09-09
609975,SY2026,ES,202,220,209,18,616,504,0.41,Underutilized,29,0,0,24,cps_space_utilization_sy2026@2026-09-09
609976,SY2026,ES,809,891,776,28,952,784,0.99,Efficient,45,0,0,37,cps_space_utilization_sy2026@2026-09-09
609977,SY2026,ES,180,183,154,8,308,224,0.69,Underutilized,15,0,0,11,cps_space_utilization_sy2026@2026-09-09
609978,SY2026,ES,385,391,329,17,616,476,0.69,Underutilized,29.5,0,0,23,cps_space_utilization_sy2026@2026-09-09
609979,SY2026,ES,1102,1157,1157,38,1092,1064,1.09,Efficient,51,0,0,50,cps_space_utilization_sy2026@2026-09-09
609981,SY2026,ES,266,240,169,15,1008,420,0.4,Underutilized,47.5,0,0,20,cps_space_utilization_sy2026@2026-09-09
609983,SY2026,ES,454,467,391,22,728,616,0.63,Underutilized,35,0,0,29,cps_space_utilization_sy2026@2026-09-09
609985,SY2026,ES,192,191,180,18,588,504,0.36,Underutilized,27.5,0,0,24,cps_space_utilization_sy2026@2026-09-09
609986,SY2026,ES,217,216,182,16,644,448,0.41,Underutilized,31,0,0,22,cps_space_utilization_sy2026@2026-09-09
609987,SY2026,ES,217,206,149,11,504,308,0.48,Underutilized,24.5,0,0,15,cps_space_utilization_sy2026@2026-09-09
609988,SY2026,ES,414,415,379,22,700,616,0.62,Underutilized,33,0,0,29,cps_space_utilization_sy2026@2026-09-09
609990,SY2026,ES,907,896,789,51,1736,1428,0.55,Underutilized,81,0,0,67,cps_space_utilization_sy2026@2026-09-09
609991,SY2026,ES,385,441,343,36,1232,1008,0.34,Underutilized,58,0,0,47,cps_space_utilization_sy2026@2026-09-09
609993,SY2026,ES,355,358,296,14,588,392,0.76,Efficient,28,0,0,19,cps_space_utilization_sy2026@2026-09-09
609994,SY2026,ES,789,854,767,36,1232,1008,0.76,Efficient,57.5,0,0,48,cps_space_utilization_sy2026@2026-09-09
609995,SY2026,ES,434,462,442,19,420,532,0.83,Efficient,20.5,8,0,25,cps_space_utilization_sy2026@2026-09-09
609996,SY2026,ES,380,394,354,19,644,532,0.67,Underutilized,30.5,4,0,25,cps_space_utilization_sy2026@2026-09-09
609997,SY2026,ES,150,152,130,23,756,644,0.2,Underutilized,35.5,0,0,30,cps_space_utilization_sy2026@2026-09-09
610000,SY2026,ES,289,334,312,18,588,504,0.62,Underutilized,28,0,0,24,cps_space_utilization_sy2026@2026-09-09
610002,SY2026,ES,212,212,203,7,280,196,1.04,Efficient,13,0,0,10,cps_space_utilization_sy2026@2026-09-09
610003,SY2026,ES,232,248,218,16,588,448,0.49,Underutilized,27.5,0,0,21,cps_space_utilization_sy2026@2026-09-09
610004,SY2026,ES,164,173,173,11,336,308,0.56,Underutilized,16,0,0,15,cps_space_utilization_sy2026@2026-09-09
610005,SY2026,ES,204,203,176,14,560,392,0.45,Underutilized,26,0,0,19,cps_space_utilization_sy2026@2026-09-09
610006,SY2026,ES,736,732,674,19,588,532,1.27,Overcrowded,28,3,0,25,cps_space_utilization_sy2026@2026-09-09
610009,SY2026,ES,544,546,546,23,672,644,0.85,Efficient,32,0,0,31,cps_space_utilization_sy2026@2026-09-09
610010,SY2026,ES,340,366,265,13,504,364,0.73,Efficient,24,0,0,17,cps_space_utilization_sy2026@2026-09-09
610011,SY2026,ES,846,847,811,33,1036,924,0.88,Efficient,49,0,0,44,cps_space_utilization_sy2026@2026-09-09
610013,SY2026,ES,202,214,207,15,476,420,0.49,Underutilized,23,0,0,20,cps_space_utilization_sy2026@2026-09-09
610015,SY2026,ES,294,315,228,12,448,336,0.68,Underutilized,22,0,0,16,cps_space_utilization_sy2026@2026-09-09
610016,SY2026,ES,308,298,298,7,196,196,1.52,Overcrowded,10,2,0,10,cps_space_utilization_sy2026@2026-09-09
610017,SY2026,ES,832,889,761,40,1400,1120,0.68,Underutilized,65.5,0,0,52,cps_space_utilization_sy2026@2026-09-09
610019,SY2026,ES,217,230,180,13,448,364,0.49,Underutilized,22,0,0,17,cps_space_utilization_sy2026@2026-09-09
610021,SY2026,ES,317,298,274,20,644,560,0.49,Underutilized,31,0,0,27,cps_space_utilization_sy2026@2026-09-09
610022,SY2026,ES,709,764,668,26,980,728,0.92,Efficient,45.5,0,0,34,cps_space_utilization_sy2026@2026-09-09
610024,SY2026,ES,677,696,664,44,1288,1232,0.54,Underutilized,61,0,0,58,cps_space_utilization_sy2026@2026-09-09
610026,SY2026,ES,608,625,570,26,980,728,0.78,Efficient,45.5,0,0,35,cps_space_utilization_sy2026@2026-09-09
610027,SY2026,ES,225,230,215,13,420,364,0.59,Underutilized,20,0,0,18,cps_space_utilization_sy2026@2026-09-09
610029,SY2026,ES,229,242,149,10,448,280,0.53,Underutilized,22,0,0,13,cps_space_utilization_sy2026@2026-09-09
610030,SY2026,ES,224,245,210,13,644,364,0.58,Underutilized,30.5,0,0,18,cps_space_utilization_sy2026@2026-09-09
610032,SY2026,ES,231,250,192,13,448,364,0.53,Underutilized,21,0,0,17,cps_space_utilization_sy2026@2026-09-09
610033,SY2026,ES,449,466,466,15,532,420,1.11,Overcrowded,25,0,0,20,cps_space_utilization_sy2026@2026-09-09
610034,SY2026,ES,181,206,183,21,868,588,0.31,Underutilized,41,0,0,28,cps_space_utilization_sy2026@2026-09-09
610036,SY2026,ES,424,405,366,27,980,756,0.48,Underutilized,46,0,0,36,cps_space_utilization_sy2026@2026-09-09
610037,SY2026,ES,317,302,264,17,588,476,0.55,Underutilized,28,0,0,23,cps_space_utilization_sy2026@2026-09-09
610038,SY2026,ES,863,863,863,34,1008,952,0.91,Efficient,47,0,0,45,cps_space_utilization_sy2026@2026-09-09
610039,SY2026,ES,673,680,621,23,728,644,0.96,Efficient,34.5,0,0,31,cps_space_utilization_sy2026@2026-09-09
610040,SY2026,ES,738,790,672,31,1120,868,0.77,Efficient,52.5,0,0,41,cps_space_utilization_sy2026@2026-09-09
610041,SY2026,ES,970,1022,922,33,1036,924,1,Efficient,48.5,4,0,43,cps_space_utilization_sy2026@2026-09-09
610043,SY2026,ES,318,316,297,10,504,280,1.06,Efficient,24.5,0,0,14,cps_space_utilization_sy2026@2026-09-09
610044,SY2026,ES,286,307,224,22,1036,616,0.36,Underutilized,48.5,0,0,29,cps_space_utilization_sy2026@2026-09-09
610046,SY2026,ES,889,952,916,40,1204,1120,0.82,Efficient,56,4,0,53,cps_space_utilization_sy2026@2026-09-09
610047,SY2026,ES,178,179,160,20,728,560,0.29,Underutilized,34.5,0,0,26,cps_space_utilization_sy2026@2026-09-09
610048,SY2026,ES,235,243,208,23,840,644,0.32,Underutilized,39,0,0,31,cps_space_utilization_sy2026@2026-09-09
610051,SY2026,ES,494,518,511,26,924,728,0.7,Efficient,43,0,0,34,cps_space_utilization_sy2026@2026-09-09
610052,SY2026,ES,289,272,253,26,896,728,0.35,Underutilized,42,0,0,35,cps_space_utilization_sy2026@2026-09-09
610053,SY2026,ES,1013,1051,926,41,1344,1148,0.81,Efficient,63,0,0,54,cps_space_utilization_sy2026@2026-09-09
610054,SY2026,ES,567,585,513,26,868,728,0.7,Efficient,41.5,0,0,34,cps_space_utilization_sy2026@2026-09-09
610055,SY2026,ES,137,163,132,16,728,448,0.29,Underutilized,34,0,0,22,cps_space_utilization_sy2026@2026-09-09
610056,SY2026,ES,240,225,194,39,1260,1092,0.18,Underutilized,59,0,0,51,cps_space_utilization_sy2026@2026-09-09
610057,SY2026,ES,463,465,448,19,0,532,0.84,Efficient,0,0,29.5,25,cps_space_utilization_sy2026@2026-09-09
610059,SY2026,ES,794,777,696,23,812,644,1.08,Efficient,38,0,0,30,cps_space_utilization_sy2026@2026-09-09
610060,SY2026,ES,447,448,448,18,588,504,0.89,Efficient,28,0,0,24,cps_space_utilization_sy2026@2026-09-09
610062,SY2026,ES,272,289,231,12,448,336,0.69,Underutilized,21,0,0,16,cps_space_utilization_sy2026@2026-09-09
610063,SY2026,ES,425,420,349,20,784,560,0.62,Underutilized,37,2,0,27,cps_space_utilization_sy2026@2026-09-09
610065,SY2026,ES,306,349,300,26,784,728,0.41,Underutilized,37,0,0,34,cps_space_utilization_sy2026@2026-09-09
610066,SY2026,ES,195,202,202,10,280,280,0.72,Efficient,13,0,0,13,cps_space_utilization_sy2026@2026-09-09
610067,SY2026,ES,647,638,559,31,1092,868,0.64,Underutilized,51.5,0,0,41,cps_space_utilization_sy2026@2026-09-09
610068,SY2026,ES,1039,1080,871,38,980,1064,0.82,Efficient,46.5,6,18,50,cps_space_utilization_sy2026@2026-09-09
610070,SY2026,ES,892,832,646,24,1064,672,0.96,Efficient,49.5,0,0,32,cps_space_utilization_sy2026@2026-09-09
610073,SY2026,ES,463,432,412,13,392,364,1.13,Overcrowded,19,0,0,18,cps_space_utilization_sy2026@2026-09-09
610074,SY2026,ES,663,659,566,24,980,672,0.84,Efficient,46,0,0,32,cps_space_utilization_sy2026@2026-09-09
610076,SY2026,ES,435,446,386,26,924,728,0.53,Underutilized,43,0,0,35,cps_space_utilization_sy2026@2026-09-09
610077,SY2026,ES,515,548,507,22,784,616,0.82,Efficient,36.5,0,0,29,cps_space_utilization_sy2026@2026-09-09
610078,SY2026,ES,549,598,543,25,784,700,0.78,Efficient,37,0,0,33,cps_space_utilization_sy2026@2026-09-09
610081,SY2026,ES,502,509,509,20,560,560,0.91,Efficient,26,0,0,26,cps_space_utilization_sy2026@2026-09-09
610082,SY2026,ES,1158,1151,1086,37,1064,1036,1.05,Efficient,50,6,0,49,cps_space_utilization_sy2026@2026-09-09
610084,SY2026,ES,210,217,217,7,196,196,1.11,Overcrowded,10,0,0,10,cps_space_utilization_sy2026@2026-09-09
610086,SY2026,ES,263,237,227,18,588,504,0.45,Underutilized,28,0,0,24,cps_space_utilization_sy2026@2026-09-09
610088,SY2026,ES,476,495,429,22,812,616,0.7,Efficient,38.5,0,0,29,cps_space_utilization_sy2026@2026-09-09
610089,SY2026,ES,490,513,447,16,532,448,1,Efficient,25,0,0,21,cps_space_utilization_sy2026@2026-09-09
610090,SY2026,ES,441,454,454,16,504,448,1.01,Efficient,24,0,0,22,cps_space_utilization_sy2026@2026-09-09
610091,SY2026,ES,310,287,241,11,364,308,0.78,Efficient,17.5,0,0,15,cps_space_utilization_sy2026@2026-09-09
610092,SY2026,ES,263,279,224,16,700,448,0.5,Underutilized,33,0,0,22,cps_space_utilization_sy2026@2026-09-09
610093,SY2026,ES,234,240,154,12,532,336,0.46,Underutilized,25.5,0,0,16,cps_space_utilization_sy2026@2026-09-09
610094,SY2026,ES,656,653,575,23,840,644,0.89,Efficient,39,0,0,31,cps_space_utilization_sy2026@2026-09-09
610095,SY2026,ES,293,294,274,20,616,560,0.49,Underutilized,29,0,0,26,cps_space_utilization_sy2026@2026-09-09
610096,SY2026,ES,811,862,772,36,1064,1008,0.77,Efficient,50,10,0,48,cps_space_utilization_sy2026@2026-09-09
610097,SY2026,ES,589,639,599,30,952,840,0.71,Efficient,45,0,0,39,cps_space_utilization_sy2026@2026-09-09
610098,SY2026,ES,490,559,528,21,672,588,0.9,Efficient,31.5,0,0,28,cps_space_utilization_sy2026@2026-09-09
610099,SY2026,ES,296,295,278,11,364,308,0.9,Efficient,17.5,0,0,15,cps_space_utilization_sy2026@2026-09-09
610100,SY2026,ES,471,468,433,22,756,616,0.7,Efficient,36,0,0,29,cps_space_utilization_sy2026@2026-09-09
610101,SY2026,ES,638,717,663,43,1428,1204,0.55,Underutilized,67,0,0,57,cps_space_utilization_sy2026@2026-09-09
610102,SY2026,ES,307,290,275,16,560,448,0.61,Underutilized,26,0,0,21,cps_space_utilization_sy2026@2026-09-09
610103,SY2026,ES,500,570,512,23,840,644,0.8,Efficient,39.5,0,0,31,cps_space_utilization_sy2026@2026-09-09
610104,SY2026,ES,577,631,611,22,644,616,0.99,Efficient,30.5,0,0,29,cps_space_utilization_sy2026@2026-09-09
610105,SY2026,ES,586,591,552,23,756,644,0.86,Efficient,36,0,0,31,cps_space_utilization_sy2026@2026-09-09
610106,SY2026,ES,581,600,541,26,840,728,0.74,Efficient,40,0,0,34,cps_space_utilization_sy2026@2026-09-09
610107,SY2026,ES,292,323,220,16,756,448,0.49,Underutilized,35.5,0,0,22,cps_space_utilization_sy2026@2026-09-09
610108,SY2026,ES,286,325,294,22,756,616,0.48,Underutilized,36,0,0,29,cps_space_utilization_sy2026@2026-09-09
610109,SY2026,ES,246,252,233,9,308,252,0.92,Efficient,15.5,0,0,12,cps_space_utilization_sy2026@2026-09-09
610110,SY2026,ES,332,298,268,19,644,532,0.5,Underutilized,31,0,0,25,cps_space_utilization_sy2026@2026-09-09
610111,SY2026,ES,763,753,671,27,868,756,0.89,Efficient,41.5,0,0,36,cps_space_utilization_sy2026@2026-09-09
610112,SY2026,ES,323,336,277,40,1484,1120,0.25,Underutilized,70,0,0,52,cps_space_utilization_sy2026@2026-09-09
610115,SY2026,ES,316,328,303,13,448,364,0.83,Efficient,22,0,0,17,cps_space_utilization_sy2026@2026-09-09
610116,SY2026,ES,271,277,240,13,504,364,0.66,Underutilized,23.5,0,0,18,cps_space_utilization_sy2026@2026-09-09
610117,SY2026,ES,541,581,501,20,588,560,0.89,Efficient,27.5,8,0,26,cps_space_utilization_sy2026@2026-09-09
610120,SY2026,ES,660,678,515,40,756,1120,0.46,Underutilized,35.5,15,18.5,52,cps_space_utilization_sy2026@2026-09-09
610121,SY2026,ES,249,284,244,15,504,420,0.58,Underutilized,24.5,0,0,20,cps_space_utilization_sy2026@2026-09-09
610122,SY2026,ES,1049,1093,948,32,1120,896,1.06,Efficient,52,0,0,42,cps_space_utilization_sy2026@2026-09-09
610123,SY2026,ES,156,184,151,21,728,588,0.26,Underutilized,35,0,0,28,cps_space_utilization_sy2026@2026-09-09
610124,SY2026,ES,262,262,238,15,560,420,0.57,Underutilized,26.5,0,0,20,cps_space_utilization_sy2026@2026-09-09
610125,SY2026,ES,397,446,361,18,728,504,0.72,Efficient,34.5,0,0,24,cps_space_utilization_sy2026@2026-09-09
610126,SY2026,ES,343,380,326,24,812,672,0.49,Underutilized,38,0,0,32,cps_space_utilization_sy2026@2026-09-09
610127,SY2026,ES,876,877,821,26,840,728,1.13,Overcrowded,39,0,0,35,cps_space_utilization_sy2026@2026-09-09
610128,SY2026,ES,248,262,243,17,560,476,0.51,Underutilized,26,0,0,23,cps_space_utilization_sy2026@2026-09-09
610129,SY2026,ES,276,284,267,20,644,560,0.48,Underutilized,31,0,0,26,cps_space_utilization_sy2026@2026-09-09
610130,SY2026,ES,175,197,186,16,448,448,0.42,Underutilized,22,4,0,21,cps_space_utilization_sy2026@2026-09-09
610131,SY2026,ES,66,90,90,7,224,196,0.46,Underutilized,11.5,0,0,10,cps_space_utilization_sy2026@2026-09-09
610132,SY2026,ES,215,223,223,10,280,280,0.8,Efficient,13.5,0,0,13,cps_space_utilization_sy2026@2026-09-09
610133,SY2026,ES,267,280,234,18,700,504,0.46,Underutilized,33,0,0,24,cps_space_utilization_sy2026@2026-09-09
610135,SY2026,ES,884,903,815,31,1036,868,0.94,Efficient,49,0,0,41,cps_space_utilization_sy2026@2026-09-09
610136,SY2026,ES,480,490,490,15,476,420,1.17,Overcrowded,22.5,0,0,20,cps_space_utilization_sy2026@2026-09-09
610137,SY2026,ES,653,651,651,26,588,728,0.89,Efficient,28,10,0,35,cps_space_utilization_sy2026@2026-09-09
610138,SY2026,ES,934,881,839,30,896,840,1,Efficient,42.5,0,0,39,cps_space_utilization_sy2026@2026-09-09
610139,SY2026,ES,294,307,290,17,588,476,0.61,Underutilized,28,0,0,23,cps_space_utilization_sy2026@2026-09-09
610141,SY2026,ES,509,514,475,16,504,448,1.06,Efficient,24,0,0,21,cps_space_utilization_sy2026@2026-09-09
610142,SY2026,ES,520,574,504,21,756,588,0.86,Efficient,35.5,0,0,28,cps_space_utilization_sy2026@2026-09-09
610143,SY2026,ES,335,339,269,16,700,448,0.6,Underutilized,33.5,0,0,22,cps_space_utilization_sy2026@2026-09-09
610144,SY2026,ES,457,469,426,26,840,728,0.59,Underutilized,39,2,0,35,cps_space_utilization_sy2026@2026-09-09
610145,SY2026,ES,738,782,587,21,868,588,1,Efficient,41,0,0,28,cps_space_utilization_sy2026@2026-09-09
610146,SY2026,ES,153,174,158,9,280,252,0.63,Underutilized,14,0,0,12,cps_space_utilization_sy2026@2026-09-09
610147,SY2026,ES,793,830,732,27,896,756,0.97,Efficient,42.5,0,0,36,cps_space_utilization_sy2026@2026-09-09
610148,SY2026,ES,788,802,733,18,504,504,1.45,Overcrowded,24,0,13,24,cps_space_utilization_sy2026@2026-09-09
610152,SY2026,ES,322,307,278,16,532,448,0.62,Underutilized,25.5,0,0,21,cps_space_utilization_sy2026@2026-09-09
610153,SY2026,ES,357,360,284,17,672,476,0.6,Underutilized,31.5,0,0,23,cps_space_utilization_sy2026@2026-09-09
610155,SY2026,ES,690,709,669,27,840,756,0.88,Efficient,39,0,0,36,cps_space_utilization_sy2026@2026-09-09
610157,SY2026,ES,784,835,796,46,1316,1288,0.62,Underutilized,62,6,0,61,cps_space_utilization_sy2026@2026-09-09
610158,SY2026,ES,365,370,332,18,560,504,0.66,Underutilized,27,0,0,24,cps_space_utilization_sy2026@2026-09-09
610159,SY2026,ES,556,592,556,23,700,644,0.86,Efficient,33,3,0,30,cps_space_utilization_sy2026@2026-09-09
610165,SY2026,ES,496,524,471,29,812,812,0.58,Underutilized,38,4,0,38,cps_space_utilization_sy2026@2026-09-09
610167,SY2026,ES,341,380,354,19,644,532,0.67,Underutilized,30,0,0,25,cps_space_utilization_sy2026@2026-09-09
610170,SY2026,ES,640,671,574,32,616,896,0.64,Underutilized,29,6,13,42,cps_space_utilization_sy2026@2026-09-09
610171,SY2026,ES,563,561,526,39,1400,1092,0.48,Underutilized,65.5,0,0,51,cps_space_utilization_sy2026@2026-09-09
610172,SY2026,ES,228,224,212,19,616,532,0.4,Underutilized,29,0,0,25,cps_space_utilization_sy2026@2026-09-09
610173,SY2026,ES,187,176,136,13,448,364,0.37,Underutilized,22,0,0,17,cps_space_utilization_sy2026@2026-09-09
610174,SY2026,ES,339,393,310,29,924,812,0.38,Underutilized,44,4,0,38,cps_space_utilization_sy2026@2026-09-09
610175,SY2026,ES,258,280,280,11,336,308,0.91,Efficient,16,1,0,15,cps_space_utilization_sy2026@2026-09-09
610176,SY2026,ES,470,516,448,23,952,644,0.7,Efficient,45,0,0,31,cps_space_utilization_sy2026@2026-09-09
610177,SY2026,ES,1141,1121,1056,42,1288,1176,0.9,Efficient,61,0,0,55,cps_space_utilization_sy2026@2026-09-09
610178,SY2026,ES,191,194,155,12,448,336,0.46,Underutilized,21.5,0,0,16,cps_space_utilization_sy2026@2026-09-09
610179,SY2026,ES,673,705,665,29,784,812,0.82,Efficient,36.5,0,7.5,38,cps_space_utilization_sy2026@2026-09-09
610180,SY2026,ES,360,365,321,25,1008,700,0.46,Underutilized,47.5,0,0,33,cps_space_utilization_sy2026@2026-09-09
610182,SY2026,ES,304,303,233,9,364,252,0.92,Efficient,17.5,0,0,12,cps_space_utilization_sy2026@2026-09-09
610183,SY2026,ES,363,421,367,34,1120,952,0.39,Underutilized,52.5,0,0,45,cps_space_utilization_sy2026@2026-09-09
610184,SY2026,ES,253,271,257,14,588,392,0.66,Underutilized,28,0,0,19,cps_space_utilization_sy2026@2026-09-09
610185,SY2026,ES,1040,1116,958,36,1372,1008,0.95,Efficient,64.5,0,0,48,cps_space_utilization_sy2026@2026-09-09
610188,SY2026,ES,196,213,197,13,392,364,0.54,Underutilized,19,0,0,18,cps_space_utilization_sy2026@2026-09-09
610191,SY2026,ES,550,549,549,19,560,532,1.03,Efficient,26,0,0,25,cps_space_utilization_sy2026@2026-09-09
610192,SY2026,ES,493,553,474,29,1036,812,0.58,Underutilized,48.5,0,0,38,cps_space_utilization_sy2026@2026-09-09
610193,SY2026,ES,398,449,360,20,840,560,0.64,Underutilized,40,0,0,27,cps_space_utilization_sy2026@2026-09-09
610194,SY2026,ES,173,197,166,39,1232,1092,0.15,Underutilized,58,0,0,51,cps_space_utilization_sy2026@2026-09-09
610195,SY2026,ES,685,664,664,21,672,588,1.13,Overcrowded,32,0,0,28,cps_space_utilization_sy2026@2026-09-09
610196,SY2026,ES,514,520,416,20,784,560,0.74,Efficient,37,0,0,27,cps_space_utilization_sy2026@2026-09-09
610197,SY2026,ES,447,454,406,26,1008,728,0.56,Underutilized,47,0,0,35,cps_space_utilization_sy2026@2026-09-09
610198,SY2026,ES,362,343,324,23,728,644,0.5,Underutilized,34,0,0,30,cps_space_utilization_sy2026@2026-09-09
610199,SY2026,ES,159,169,151,10,280,280,0.54,Underutilized,14,0,0,13,cps_space_utilization_sy2026@2026-09-09
610200,SY2026,ES,275,291,231,,,,,,,,,,cps_space_utilization_sy2026@2026-09-09
610201,SY2026,ES,800,806,768,20,672,560,1.37,Overcrowded,32,0,0,27,cps_space_utilization_sy2026@2026-09-09
610202,SY2026,ES,219,236,217,20,700,560,0.39,Underutilized,33,0,0,27,cps_space_utilization_sy2026@2026-09-09
610203,SY2026,ES,702,767,654,27,756,756,0.87,Efficient,35.5,8,0,36,cps_space_utilization_sy2026@2026-09-09
610206,SY2026,ES,814,836,798,33,980,924,0.86,Efficient,46,0,0,43,cps_space_utilization_sy2026@2026-09-09
610207,SY2026,ES,228,223,223,9,252,252,0.88,Efficient,12,0,0,12,cps_space_utilization_sy2026@2026-09-09
610208,SY2026,ES,334,383,352,17,560,476,0.74,Efficient,27,0,0,23,cps_space_utilization_sy2026@2026-09-09
610209,SY2026,ES,584,695,651,27,840,756,0.86,Efficient,40,2,0,36,cps_space_utilization_sy2026@2026-09-09
610212,SY2026,ES,205,229,229,,,,,,,,,,cps_space_utilization_sy2026@2026-09-09
610213,SY2026,ES,437,470,410,20,728,560,0.73,Efficient,34,0,0,27,cps_space_utilization_sy2026@2026-09-09
610215,SY2026,ES,186,209,209,16,476,448,0.47,Underutilized,22.5,0,0,22,cps_space_utilization_sy2026@2026-09-09
610216,SY2026,ES,232,231,160,13,588,364,0.44,Underutilized,27.5,0,0,17,cps_space_utilization_sy2026@2026-09-09
610217,SY2026,ES,450,473,437,20,616,560,0.78,Efficient,29,0,0,26,cps_space_utilization_sy2026@2026-09-09
610218,SY2026,ES,296,297,278,13,476,364,0.76,Efficient,23,0,0,18,cps_space_utilization_sy2026@2026-09-09
610219,SY2026,ES,565,573,541,23,728,644,0.84,Efficient,34.5,0,0,31,cps_space_utilization_sy2026@2026-09-09
610220,SY2026,ES,750,716,696,24,756,672,1.04,Efficient,35.5,0,0,32,cps_space_utilization_sy2026@2026-09-09
610221,SY2026,ES,167,186,157,16,560,448,0.35,Underutilized,27,0,0,21,cps_space_utilization_sy2026@2026-09-09
610223,SY2026,ES,457,452,363,26,924,728,0.5,Underutilized,43,0,0,35,cps_space_utilization_sy2026@2026-09-09
610225,SY2026,ES,210,220,166,16,672,448,0.37,Underutilized,31.5,0,0,22,cps_space_utilization_sy2026@2026-09-09
610226,SY2026,ES,674,705,649,28,896,784,0.83,Efficient,42,0,0,37,cps_space_utilization_sy2026@2026-09-09
610227,SY2026,ES,466,501,476,26,812,728,0.65,Underutilized,38,0,0,34,cps_space_utilization_sy2026@2026-09-09
610228,SY2026,ES,179,188,178,12,392,336,0.53,Underutilized,19,0,0,16,cps_space_utilization_sy2026@2026-09-09
610229,SY2026,ES,677,681,662,24,700,672,0.99,Efficient,33.5,0,0,32,cps_space_utilization_sy2026@2026-09-09
610230,SY2026,ES,521,516,478,17,560,476,1,Efficient,26.5,0,0,23,cps_space_utilization_sy2026@2026-09-09
610231,SY2026,ES,759,805,741,36,1120,1008,0.74,Efficient,53,0,0,47,cps_space_utilization_sy2026@2026-09-09
610234,SY2026,ES,210,235,186,32,1148,896,0.21,Underutilized,54.5,0,0,42,cps_space_utilization_sy2026@2026-09-09
610235,SY2026,ES,368,382,364,44,1400,1232,0.3,Underutilized,66,0,0,58,cps_space_utilization_sy2026@2026-09-09
610237,SY2026,ES,284,293,254,25,896,700,0.36,Underutilized,42,0,0,33,cps_space_utilization_sy2026@2026-09-09
610238,SY2026,ES,210,213,167,14,616,392,0.43,Underutilized,29,0,0,19,cps_space_utilization_sy2026@2026-09-09
610239,SY2026,ES,491,490,459,21,672,588,0.78,Efficient,32,0,0,28,cps_space_utilization_sy2026@2026-09-09
610242,SY2026,ES,409,451,376,16,644,448,0.84,Efficient,30,0,0,22,cps_space_utilization_sy2026@2026-09-09
610244,SY2026,HS,450,448,426,32.8,1296,984,0.43,Underutilized,54,0,0,41,cps_space_utilization_sy2026@2026-09-09
610245,SY2026,HS,29,27,27,33.6,1128,1008,0.03,Underutilized,47,0,0,42,cps_space_utilization_sy2026@2026-09-09
610246,SY2026,ES,1182,1158,999,30,1204,840,1.19,Overcrowded,56.5,0,0,40,cps_space_utilization_sy2026@2026-09-09
610248,SY2026,ES,548,561,503,18,0,504,1,Efficient,0,0,28.5,24,cps_space_utilization_sy2026@2026-09-09
610249,SY2026,ES,331,327,288,8,0,224,1.29,Overcrowded,0,0,16,11,cps_space_utilization_sy2026@2026-09-09
610250,SY2026,ES,199,265,253,11,364,308,0.82,Efficient,17,0,0,15,cps_space_utilization_sy2026@2026-09-09
610251,SY2026,ES,288,326,244,18,700,504,0.48,Underutilized,32.5,0,0,24,cps_space_utilization_sy2026@2026-09-09
610252,SY2026,ES,325,326,247,17,672,476,0.52,Underutilized,32,0,0,23,cps_space_utilization_sy2026@2026-09-09
610254,SY2026,ES,223,242,221,20,728,560,0.39,Underutilized,34.5,0,0,27,cps_space_utilization_sy2026@2026-09-09
610256,SY2026,ES,113,122,100,10,392,280,0.36,Underutilized,18.5,0,0,14,cps_space_utilization_sy2026@2026-09-09
610257,SY2026,ES,295,288,266,23,728,644,0.41,Underutilized,34,0,0,30,cps_space_utilization_sy2026@2026-09-09
610263,SY2026,ES,557,597,553,25,812,700,0.79,Efficient,38,0,0,33,cps_space_utilization_sy2026@2026-09-09
610268,SY2026,ES,305,355,329,19,644,532,0.62,Underutilized,30,0,0,25,cps_space_utilization_sy2026@2026-09-09
610269,SY2026,ES,317,317,218,13,560,364,0.6,Underutilized,27,0,0,18,cps_space_utilization_sy2026@2026-09-09
610271,SY2026,ES,184,228,211,23,728,644,0.33,Underutilized,35,0,0,30,cps_space_utilization_sy2026@2026-09-09
610274,SY2026,ES,203,220,196,18,616,504,0.39,Underutilized,29,0,0,24,cps_space_utilization_sy2026@2026-09-09
610276,SY2026,ES,214,214,202,15,476,420,0.48,Underutilized,22.5,0,0,20,cps_space_utilization_sy2026@2026-09-09
610279,SY2026,ES,227,247,231,16,532,448,0.52,Underutilized,25,0,0,21,cps_space_utilization_sy2026@2026-09-09
610281,SY2026,ES,444,550,520,23,756,644,0.81,Efficient,36,0,0,30,cps_space_utilization_sy2026@2026-09-09
610282,SY2026,ES,331,342,264,20,924,560,0.47,Underutilized,43.5,0,0,27,cps_space_utilization_sy2026@2026-09-09
610284,SY2026,ES,454,512,414,19,644,532,0.78,Efficient,31,0,0,25,cps_space_utilization_sy2026@2026-09-09
610287,SY2026,ES,307,326,258,16,0,448,0.58,Underutilized,0,0,30,21,cps_space_utilization_sy2026@2026-09-09
610290,SY2026,ES,215,254,242,23,784,644,0.38,Underutilized,37,0,0,31,cps_space_utilization_sy2026@2026-09-09
610291,SY2026,ES,508,536,536,23,448,644,0.83,Efficient,22,12,0,31,cps_space_utilization_sy2026@2026-09-09
610293,SY2026,ES,323,331,280,26,924,728,0.38,Underutilized,44,0,0,35,cps_space_utilization_sy2026@2026-09-09
610295,SY2026,ES,264,265,241,14,476,392,0.61,Underutilized,23,0,0,19,cps_space_utilization_sy2026@2026-09-09
610298,SY2026,ES,288,300,260,12,364,336,0.77,Efficient,18,0,0,16,cps_space_utilization_sy2026@2026-09-09
610299,SY2026,ES,210,231,219,23,756,644,0.34,Underutilized,36,0,0,30,cps_space_utilization_sy2026@2026-09-09
610300,SY2026,ES,323,359,295,17,588,476,0.62,Underutilized,28.5,0,0,23,cps_space_utilization_sy2026@2026-09-09
610304,SY2026,HS,348,359,359,35.2,1176,1056,0.34,Underutilized,49,0,0,44,cps_space_utilization_sy2026@2026-09-09
610305,SY2026,ES,445,441,387,22,924,616,0.63,Underutilized,43,0,0,29,cps_space_utilization_sy2026@2026-09-09
610312,SY2026,ES,102,100,86,6,168,168,0.51,Underutilized,8,2,0,8,cps_space_utilization_sy2026@2026-09-09
610313,SY2026,ES,342,383,286,36,1260,1008,0.28,Underutilized,59,0,0,47,cps_space_utilization_sy2026@2026-09-09
610315,SY2026,ES,122,120,107,5,168,140,0.76,Efficient,9,0,0,7,cps_space_utilization_sy2026@2026-09-09
610316,SY2026,ES,197,206,206,10,280,280,0.74,Efficient,13.5,0,0,13,cps_space_utilization_sy2026@2026-09-09
610317,SY2026,ES,295,304,289,16,588,448,0.65,Underutilized,27.5,0,0,21,cps_space_utilization_sy2026@2026-09-09
610319,SY2026,ES,166,176,176,15,420,420,0.42,Underutilized,20,0,0,20,cps_space_utilization_sy2026@2026-09-09
610323,SY2026,HS,240,256,236,,,,,,,,,,cps_space_utilization_sy2026@2026-09-09
610325,SY2026,ES,402,440,422,30,1120,840,0.5,Underutilized,52,0,0,39,cps_space_utilization_sy2026@2026-09-09
610329,SY2026,ES,281,284,246,20,700,560,0.44,Underutilized,32.5,0,0,26,cps_space_utilization_sy2026@2026-09-09
610334,SY2026,HS,63,78,46,22.4,996,672,0.07,Underutilized,41.5,0,0,28,cps_space_utilization_sy2026@2026-09-09
610339,SY2026,ES,365,396,337,21,756,588,0.57,Underutilized,36,0,0,28,cps_space_utilization_sy2026@2026-09-09
610340,SY2026,HS,555,562,562,21.6,240,648,0.87,Efficient,10,0,21.5,27,cps_space_utilization_sy2026@2026-09-09
610342,SY2026,ES,317,321,284,18,644,504,0.56,Underutilized,30,0,0,24,cps_space_utilization_sy2026@2026-09-09
610345,SY2026,ES,300,308,251,21,868,588,0.43,Underutilized,41,0,0,28,cps_space_utilization_sy2026@2026-09-09
610347,SY2026,ES,287,277,210,20,728,560,0.38,Underutilized,35,0,0,27,cps_space_utilization_sy2026@2026-09-09
610350,SY2026,ES,393,386,386,8,392,224,1.72,Overcrowded,18.5,0,0,11,cps_space_utilization_sy2026@2026-09-09
610352,SY2026,ES,672,687,578,23,644,644,0.9,Efficient,31,4,0,30,cps_space_utilization_sy2026@2026-09-09
610353,SY2026,ES,555,578,531,26,756,728,0.73,Efficient,36,0,0,34,cps_space_utilization_sy2026@2026-09-09
610354,SY2026,ES,316,330,273,11,756,308,0.89,Efficient,35.5,0,0,15,cps_space_utilization_sy2026@2026-09-09
610355,SY2026,ES,254,256,173,21,868,588,0.29,Underutilized,40.5,0,0,28,cps_space_utilization_sy2026@2026-09-09
610357,SY2026,HS,37,72,72,5.6,180,168,0.43,Underutilized,7.5,0,0,7,cps_space_utilization_sy2026@2026-09-09
610362,SY2026,ES,218,216,194,15,504,420,0.46,Underutilized,24,0,0,20,cps_space_utilization_sy2026@2026-09-09
610363,SY2026,ES,1323,1319,1259,58,1848,1624,0.78,Efficient,86,0,0,76,cps_space_utilization_sy2026@2026-09-09
610364,SY2026,ES,193,194,183,9,308,252,0.73,Efficient,15,0,0,12,cps_space_utilization_sy2026@2026-09-09
610366,SY2026,ES,207,192,180,8,280,224,0.8,Efficient,13,0,0,11,cps_space_utilization_sy2026@2026-09-09
610367,SY2026,ES,313,387,297,20,784,560,0.53,Underutilized,37,0,0,26,cps_space_utilization_sy2026@2026-09-09
610368,SY2026,ES,373,413,309,18,672,504,0.61,Underutilized,31.5,0,0,24,cps_space_utilization_sy2026@2026-09-09
610369,SY2026,ES,287,312,240,18,700,504,0.48,Underutilized,33,0,0,24,cps_space_utilization_sy2026@2026-09-09
610380,SY2026,HS,77,83,83,,,,,,,,,,cps_space_utilization_sy2026@2026-09-09
610381,SY2026,HS,116,114,105,,,,,,,,,,cps_space_utilization_sy2026@2026-09-09
610383,SY2026,HS,165,216,216,,,,,,,,,,cps_space_utilization_sy2026@2026-09-09
610384,SY2026,HS,388,392,392,,,,,,,,,,cps_space_utilization_sy2026@2026-09-09
610385,SY2026,HS,193,243,243,,,,,,,,,,cps_space_utilization_sy2026@2026-09-09
610389,SY2026,HS,187,276,276,,,,,,,,,,cps_space_utilization_sy2026@2026-09-09
610390,SY2026,HS,578,571,571,21.6,672,648,0.88,Efficient,28,0,0,27,cps_space_utilization_sy2026@2026-09-09
610391,SY2026,HS,1221,1268,1220,43.2,1488,1296,0.94,Efficient,62,0,0,54,cps_space_utilization_sy2026@2026-09-09
610392,SY2026,HS,330,361,361,,,,,,,,,,cps_space_utilization_sy2026@2026-09-09
610394,SY2026,HS,210,236,208,25.6,960,768,0.27,Underutilized,40,0,0,32,cps_space_utilization_sy2026@2026-09-09
610396,SY2026,ES,702,717,702,30,896,840,0.84,Efficient,42.5,0,0,39,cps_space_utilization_sy2026@2026-09-09
610405,SY2026,ES,474,476,369,19,784,532,0.69,Underutilized,37,0,0,25,cps_space_utilization_sy2026@2026-09-09
610499,SY2026,HS,211,199,199,22.4,732,672,0.3,Underutilized,30.5,0,0,28,cps_space_utilization_sy2026@2026-09-09
610503,SY2026,ES,106,111,111,25,840,700,0.16,Underutilized,40,0,0,33,cps_space_utilization_sy2026@2026-09-09
610513,SY2026,HS,145,155,155,23.2,768,696,0.22,Underutilized,32,0,0,29,cps_space_utilization_sy2026@2026-09-09
610515,SY2026,ES,421,424,385,14,448,392,0.98,Efficient,22,0,0,19,cps_space_utilization_sy2026@2026-09-09
610518,SY2026,HS,106,140,140,57.6,1908,1728,0.08,Underutilized,79.5,0,0,72,cps_space_utilization_sy2026@2026-09-09
610520,SY2026,ES,584,593,492,27,924,756,0.65,Underutilized,43,0,0,36,cps_space_utilization_sy2026@2026-09-09
610521,SY2026,ES,117,119,96,14,532,392,0.24,Underutilized,25.5,0,0,19,cps_space_utilization_sy2026@2026-09-09
610523,SY2026,ES,427,413,376,16,532,448,0.84,Efficient,25.5,0,0,21,cps_space_utilization_sy2026@2026-09-09
610524,SY2026,HS,335,314,314,14.4,456,432,0.73,Efficient,19,0,0,18,cps_space_utilization_sy2026@2026-09-09
610529,SY2026,HS,511,519,516,28.8,936,864,0.6,Underutilized,39,0,0,36,cps_space_utilization_sy2026@2026-09-09
610530,SY2026,ES,251,236,157,20,840,560,0.28,Underutilized,39,0,0,26,cps_space_utilization_sy2026@2026-09-09
610532,SY2026,ES,648,694,694,36,1008,1008,0.69,Underutilized,48,0,0,47,cps_space_utilization_sy2026@2026-09-09
610533,SY2026,ES,701,720,657,30,784,840,0.78,Efficient,37,8,0,39,cps_space_utilization_sy2026@2026-09-09
610534,SY2026,ES,514,505,505,20,616,560,0.9,Efficient,29.5,0,0,26,cps_space_utilization_sy2026@2026-09-09
610539,SY2026,ES,702,684,592,30,1036,840,0.7,Efficient,48.5,0,0,40,cps_space_utilization_sy2026@2026-09-09
610541,SY2026,ES,555,561,528,25,756,700,0.75,Efficient,36,0,0,33,cps_space_utilization_sy2026@2026-09-09
610542,SY2026,ES,656,698,625,23,728,644,0.97,Efficient,35,0,0,31,cps_space_utilization_sy2026@2026-09-09
610543,SY2026,HS,1214,1233,1207,37.6,1200,1128,1.07,Efficient,50,0,0,47,cps_space_utilization_sy2026@2026-09-09
610544,SY2026,ES,643,677,677,27,756,756,0.9,Efficient,36,0,0,36,cps_space_utilization_sy2026@2026-09-09
610547,SY2026,HS,614,555,523,29.6,1056,888,0.59,Underutilized,44,0,0,37,cps_space_utilization_sy2026@2026-09-09
610548,SY2026,ES,421,404,404,18,560,504,0.8,Efficient,26,0,0,24,cps_space_utilization_sy2026@2026-09-09
610558,SY2026,HS,920,942,929,35.2,1104,1056,0.88,Efficient,46,0,0,44,cps_space_utilization_sy2026@2026-09-09
610559,SY2026,ES,274,312,311,26,728,728,0.43,Underutilized,34,0,0,34,cps_space_utilization_sy2026@2026-09-09
610561,SY2026,HS,262,305,305,49.6,1836,1488,0.2,Underutilized,76.5,0,0,62,cps_space_utilization_sy2026@2026-09-09
610563,SY2026,HS,1028,1039,1039,35.2,1056,1056,0.98,Efficient,44,0,0,44,cps_space_utilization_sy2026@2026-09-09
610564,SY2026,HS,765,773,773,31.2,1104,936,0.83,Efficient,46,0,0,39,cps_space_utilization_sy2026@2026-09-09
610586,SY2026,ES,689,685,560,32,1120,896,0.63,Underutilized,53,0,0,42,cps_space_utilization_sy2026@2026-09-09
610587,SY2026,HS,513,484,473,30.4,1080,912,0.52,Underutilized,45,0,0,38,cps_space_utilization_sy2026@2026-09-09
610588,SY2026,ES,713,785,785,48,1400,1344,0.58,Underutilized,66,0,0,63,cps_space_utilization_sy2026@2026-09-09
610589,SY2026,ES,533,538,491,24,924,672,0.73,Efficient,44,0,0,32,cps_space_utilization_sy2026@2026-09-09
610590,SY2026,ES,436,441,441,19,588,532,0.83,Efficient,27.5,0,0,25,cps_space_utilization_sy2026@2026-09-09
610592,SY2026,HS,486,514,503,40,1248,1200,0.42,Underutilized,52,0,0,50,cps_space_utilization_sy2026@2026-09-09
